2025-08-28 06:58:27,779 - Knowledge - INFO - Redis support added with prefix knowledge:b1205y8:
2025-08-28 06:58:28,293 - Knowledge - INFO - load persisted knowledge: begin
2025-08-28 06:58:28,299 - Knowledge - INFO - load persisted knowledge: end
2025-08-28 06:58:28,299 - Knowledge - INFO - load persisted docinfo: begin
2025-08-28 06:58:28,301 - Knowledge - INFO - load persisted docinfo: end
2025-08-28 06:58:28,456 - Knowledge - INFO - worker kw1 created with dedicated MongoDB connection (total: 1)
2025-08-28 06:58:28,457 - Knowledge - INFO - knowledge worker kw1 start
2025-08-28 06:58:28,459 - Knowledge - INFO - worker kw2 created with dedicated MongoDB connection (total: 2)
2025-08-28 06:58:28,459 - Knowledge - INFO - knowledge worker kw2 start
2025-08-28 06:58:28,460 - Knowledge - INFO - worker kw1 pull /app/data/b2c/12661/b1205y8/meta-rdk-12661/recipes-test/hello/files/hello.c from ingest queue
2025-08-28 06:58:28,462 - Knowledge - INFO - worker kw2 pull /app/data/b2c/12661/b1205y8/meta-rdk-12661/recipes-test/hello/files/run-hello-app.sh from ingest queue
2025-08-28 06:58:28,465 - Knowledge - INFO - worker kw3 created with dedicated MongoDB connection (total: 3)
2025-08-28 06:58:28,466 - Knowledge - INFO - knowledge worker kw3 start
2025-08-28 06:58:28,467 - Knowledge - INFO - worker kw4 created with dedicated MongoDB connection (total: 4)
2025-08-28 06:58:28,467 - Knowledge - INFO - knowledge worker kw4 start
2025-08-28 06:58:28,475 - Knowledge - INFO - worker kw5 created with dedicated MongoDB connection (total: 5)
2025-08-28 06:58:28,476 - Knowledge - INFO - knowledge worker kw5 start
2025-08-28 06:58:28,477 - Knowledge - INFO - worker kw5 pull /app/data/b2c/12661/b1205y8/meta-rdk-12661/recipes-test/leakcheck-msg/files/utility.c from ingest queue
2025-08-28 06:58:28,479 - Knowledge - INFO - worker kw6 created with dedicated MongoDB connection (total: 6)
2025-08-28 06:58:28,480 - Knowledge - INFO - knowledge worker kw6 start
2025-08-28 06:58:28,482 - Knowledge - INFO - worker kw7 created with dedicated MongoDB connection (total: 7)
2025-08-28 06:58:28,483 - Knowledge - INFO - knowledge worker kw7 start
2025-08-28 06:58:28,485 - Knowledge - INFO - worker kw3 pull /app/data/b2c/12661/b1205y8/meta-rdk-12661/recipes-test/leakcheck-msg/files/msgq_receive.c from ingest queue
2025-08-28 06:58:28,485 - Knowledge - INFO - worker kw4 pull /app/data/b2c/12661/b1205y8/meta-rdk-12661/conf/include/basehash_ignore_vars.inc from ingest queue
2025-08-28 06:58:28,489 - Knowledge - INFO - worker kw6 pull /app/data/b2c/12661/b1205y8/meta-rdk-12661/conf/include/hashbase_whitelist.inc from ingest queue
2025-08-28 06:58:28,497 - Knowledge - INFO - worker kw8 created with dedicated MongoDB connection (total: 8)
2025-08-28 06:58:28,498 - Knowledge - INFO - knowledge worker kw8 start
2025-08-28 06:58:28,498 - Knowledge - INFO - worker kw7 pull /app/data/b2c/12661/b1205y8/meta-rdk-12661/conf/conf-notes.txt from ingest queue
2025-08-28 06:58:28,509 - Knowledge - INFO - worker kw9 created with dedicated MongoDB connection (total: 9)
2025-08-28 06:58:28,510 - Knowledge - INFO - knowledge worker kw9 start
2025-08-28 06:58:28,511 - Knowledge - INFO - worker kw8 pull /app/data/b2c/12661/b1205y8/meta-rdk-12661/conf/distro/include/rdk-esdk-conf.inc from ingest queue
2025-08-28 06:58:28,516 - Knowledge - INFO - worker kw9 pull /app/data/b2c/12661/b1205y8/meta-rdk-12661/conf/distro/include/libsoup2.inc from ingest queue
2025-08-28 06:58:28,519 - Knowledge - INFO - worker kw10 created with dedicated MongoDB connection (total: 10)
2025-08-28 06:58:28,520 - Knowledge - INFO - knowledge worker kw10 start
2025-08-28 06:58:28,522 - Knowledge - INFO - worker kw10 pull /app/data/b2c/12661/b1205y8/meta-rdk-12661/conf/distro/include/qt5-versions.inc from ingest queue
2025-08-28 06:58:28,525 - Knowledge - INFO - worker kw11 created with dedicated MongoDB connection (total: 11)
2025-08-28 06:58:28,527 - Knowledge - INFO - knowledge worker kw11 start
2025-08-28 06:58:28,535 - Knowledge - INFO - worker kw11 pull /app/data/b2c/12661/b1205y8/meta-rdk-12661/conf/distro/include/gstreamer-versions.inc from ingest queue
2025-08-28 06:58:28,537 - Knowledge - INFO - worker kw12 created with dedicated MongoDB connection (total: 12)
2025-08-28 06:58:28,594 - Knowledge - INFO - process ingested knowledge for /app/data/b2c/12661/b1205y8/meta-rdk-12661/recipes-test/hello/files/run-hello-app.sh
2025-08-28 06:58:28,595 - Knowledge - INFO - knowledge worker kw12 start
2025-08-28 06:58:28,595 - Knowledge - INFO - worker kw12 pull /app/data/b2c/12661/b1205y8/meta-rdk-12661/conf/distro/include/rdkc.inc from ingest queue
2025-08-28 06:58:28,604 - Knowledge - INFO - worker kw13 created with dedicated MongoDB connection (total: 13)
2025-08-28 06:58:28,607 - Knowledge - INFO - Found code-base-name: https://github.com/kavia-common/meta-rdk-12661.git:kavia-master
2025-08-28 06:58:28,607 - Knowledge - INFO - Found code_base: <app.utils.kg_build.knowledge.KnowledgeCodeBase object at 0x7f7258280fd0>
2025-08-28 06:58:28,607 - Knowledge - INFO - persist ingested knowledge for /app/data/b2c/12661/b1205y8/meta-rdk-12661/recipes-test/hello/files/run-hello-app.sh
2025-08-28 06:58:28,610 - Knowledge - INFO - knowledge worker kw13 start
2025-08-28 06:58:28,617 - Knowledge - INFO - process ingested knowledge for /app/data/b2c/12661/b1205y8/meta-rdk-12661/conf/include/hashbase_whitelist.inc
2025-08-28 06:58:28,621 - Knowledge - INFO - worker kw14 created with dedicated MongoDB connection (total: 14)
2025-08-28 06:58:28,622 - Knowledge - INFO - process ingested knowledge for /app/data/b2c/12661/b1205y8/meta-rdk-12661/conf/include/basehash_ignore_vars.inc
2025-08-28 06:58:28,624 - Knowledge - INFO - knowledge worker kw14 start
2025-08-28 06:58:28,632 - Knowledge - INFO - worker kw15 created with dedicated MongoDB connection (total: 15)
2025-08-28 06:58:28,633 - Knowledge - INFO - knowledge worker kw15 start
2025-08-28 06:58:28,634 - Knowledge - INFO - process ingested knowledge for /app/data/b2c/12661/b1205y8/meta-rdk-12661/recipes-test/hello/files/hello.c
2025-08-28 06:58:28,636 - Knowledge - INFO - worker kw16 created with dedicated MongoDB connection (total: 16)
2025-08-28 06:58:28,637 - Knowledge - INFO - knowledge worker kw16 start
2025-08-28 06:58:28,698 - Knowledge - INFO - process ingested knowledge for /app/data/b2c/12661/b1205y8/meta-rdk-12661/recipes-test/leakcheck-msg/files/msgq_receive.c
2025-08-28 06:58:28,707 - Knowledge - INFO - process ingested knowledge for /app/data/b2c/12661/b1205y8/meta-rdk-12661/recipes-test/leakcheck-msg/files/utility.c
2025-08-28 06:58:28,711 - Knowledge - INFO - process ingested knowledge for /app/data/b2c/12661/b1205y8/meta-rdk-12661/conf/distro/include/rdk-esdk-conf.inc
2025-08-28 06:58:28,712 - Knowledge - INFO - worker kw17 created with dedicated MongoDB connection (total: 17)
2025-08-28 06:58:28,716 - Knowledge - INFO - knowledge worker kw17 start
2025-08-28 06:58:28,717 - Knowledge - INFO - process ingested knowledge for /app/data/b2c/12661/b1205y8/meta-rdk-12661/conf/distro/include/libsoup2.inc
2025-08-28 06:58:28,722 - Knowledge - INFO - worker kw18 created with dedicated MongoDB connection (total: 18)
2025-08-28 06:58:28,726 - Knowledge - INFO - knowledge worker kw18 start
2025-08-28 06:58:28,732 - Knowledge - INFO - process ingested knowledge for /app/data/b2c/12661/b1205y8/meta-rdk-12661/conf/conf-notes.txt
2025-08-28 06:58:28,797 - Knowledge - INFO - process ingested knowledge for /app/data/b2c/12661/b1205y8/meta-rdk-12661/conf/distro/include/qt5-versions.inc
2025-08-28 06:58:28,797 - Knowledge - INFO - process ingested knowledge for /app/data/b2c/12661/b1205y8/meta-rdk-12661/conf/distro/include/gstreamer-versions.inc
2025-08-28 06:58:28,798 - Knowledge - INFO - worker kw19 created with dedicated MongoDB connection (total: 19)
2025-08-28 06:58:28,799 - Knowledge - INFO - process ingested knowledge for /app/data/b2c/12661/b1205y8/meta-rdk-12661/conf/distro/include/rdkc.inc
2025-08-28 06:58:28,799 - Knowledge - INFO - knowledge worker kw19 start
2025-08-28 06:58:28,803 - Knowledge - INFO - worker kw20 created with dedicated MongoDB connection (total: 20)
2025-08-28 06:58:28,804 - Knowledge - INFO - knowledge worker kw20 start
2025-08-28 06:58:28,809 - Knowledge - WARNING - High connection count: 21 connections active
2025-08-28 06:58:28,809 - Knowledge - INFO - worker kw21 created with dedicated MongoDB connection (total: 21)
2025-08-28 06:58:28,811 - Knowledge - INFO - knowledge worker kw21 start
2025-08-28 06:58:28,813 - Knowledge - WARNING - High connection count: 22 connections active
2025-08-28 06:58:28,813 - Knowledge - INFO - worker kw22 created with dedicated MongoDB connection (total: 22)
2025-08-28 06:58:28,814 - Knowledge - INFO - knowledge worker kw22 start
2025-08-28 06:58:28,816 - Knowledge - WARNING - High connection count: 23 connections active
2025-08-28 06:58:28,816 - Knowledge - INFO - worker kw23 created with dedicated MongoDB connection (total: 23)
2025-08-28 06:58:28,817 - Knowledge - INFO - knowledge worker kw23 start
2025-08-28 06:58:28,819 - Knowledge - WARNING - High connection count: 24 connections active
2025-08-28 06:58:28,820 - Knowledge - INFO - worker kw24 created with dedicated MongoDB connection (total: 24)
2025-08-28 06:58:28,820 - Knowledge - INFO - knowledge worker kw24 start
2025-08-28 06:58:28,823 - Knowledge - WARNING - High connection count: 25 connections active
2025-08-28 06:58:28,823 - Knowledge - INFO - worker kw25 created with dedicated MongoDB connection (total: 25)
2025-08-28 06:58:28,823 - Knowledge - INFO - knowledge worker kw25 start
2025-08-28 06:58:28,830 - Knowledge - INFO - worker kw13 pull /app/data/b2c/12661/b1205y8/meta-rdk-12661/conf/distro/include/rdk_security_flags.inc from ingest queue
2025-08-28 06:58:28,831 - Knowledge - INFO - worker kw14 pull /app/data/b2c/12661/b1205y8/meta-rdk-12661/conf/distro/include/rdk_multilib.inc from ingest queue
2025-08-28 06:58:28,833 - Knowledge - INFO - Found code-base-name: https://github.com/kavia-common/meta-rdk-12661.git:kavia-master
2025-08-28 06:58:28,833 - Knowledge - INFO - Found code_base: <app.utils.kg_build.knowledge.KnowledgeCodeBase object at 0x7f7258280fd0>
2025-08-28 06:58:28,833 - Knowledge - INFO - persist ingested knowledge for /app/data/b2c/12661/b1205y8/meta-rdk-12661/conf/include/hashbase_whitelist.inc
2025-08-28 06:58:28,900 - Knowledge - INFO - process ingested knowledge for /app/data/b2c/12661/b1205y8/meta-rdk-12661/conf/distro/include/rdk_multilib.inc
2025-08-28 06:58:28,905 - Knowledge - INFO - process ingested knowledge for /app/data/b2c/12661/b1205y8/meta-rdk-12661/conf/distro/include/rdk_security_flags.inc
2025-08-28 06:58:28,929 - Knowledge - INFO - worker kw15 pull /app/data/b2c/12661/b1205y8/meta-rdk-12661/conf/distro/include/rdkvemu.inc from ingest queue
2025-08-28 06:58:28,929 - Knowledge - INFO - worker kw16 pull /app/data/b2c/12661/b1205y8/meta-rdk-12661/conf/distro/include/rdk-external-src.inc from ingest queue
2025-08-28 06:58:28,932 - Knowledge - INFO - Found code-base-name: https://github.com/kavia-common/meta-rdk-12661.git:kavia-master
2025-08-28 06:58:28,932 - Knowledge - INFO - Found code_base: <app.utils.kg_build.knowledge.KnowledgeCodeBase object at 0x7f7258280fd0>
2025-08-28 06:58:28,932 - Knowledge - INFO - persist ingested knowledge for /app/data/b2c/12661/b1205y8/meta-rdk-12661/recipes-test/hello/files/hello.c
2025-08-28 06:58:28,932 - Knowledge - INFO - worker kw17 pull /app/data/b2c/12661/b1205y8/meta-rdk-12661/conf/distro/include/rdkx.inc from ingest queue
2025-08-28 06:58:28,937 - Knowledge - INFO - Found code-base-name: https://github.com/kavia-common/meta-rdk-12661.git:kavia-master
2025-08-28 06:58:28,937 - Knowledge - INFO - Found code_base: <app.utils.kg_build.knowledge.KnowledgeCodeBase object at 0x7f7258280fd0>
2025-08-28 06:58:28,937 - Knowledge - INFO - persist ingested knowledge for /app/data/b2c/12661/b1205y8/meta-rdk-12661/recipes-test/leakcheck-msg/files/msgq_receive.c
2025-08-28 06:58:28,938 - Knowledge - INFO - Found code-base-name: https://github.com/kavia-common/meta-rdk-12661.git:kavia-master
2025-08-28 06:58:28,938 - Knowledge - INFO - Found code_base: <app.utils.kg_build.knowledge.KnowledgeCodeBase object at 0x7f7258280fd0>
2025-08-28 06:58:28,938 - Knowledge - INFO - persist ingested knowledge for /app/data/b2c/12661/b1205y8/meta-rdk-12661/conf/distro/include/rdk-esdk-conf.inc
2025-08-28 06:58:29,004 - Knowledge - INFO - process ingested knowledge for /app/data/b2c/12661/b1205y8/meta-rdk-12661/conf/distro/include/rdkvemu.inc
2025-08-28 06:58:29,010 - Knowledge - INFO - process ingested knowledge for /app/data/b2c/12661/b1205y8/meta-rdk-12661/conf/distro/include/rdk-external-src.inc
2025-08-28 06:58:29,015 - Knowledge - INFO - process ingested knowledge for /app/data/b2c/12661/b1205y8/meta-rdk-12661/conf/distro/include/rdkx.inc
2025-08-28 06:58:29,029 - Knowledge - INFO - Found code-base-name: https://github.com/kavia-common/meta-rdk-12661.git:kavia-master
2025-08-28 06:58:29,030 - Knowledge - INFO - Found code_base: <app.utils.kg_build.knowledge.KnowledgeCodeBase object at 0x7f7258280fd0>
2025-08-28 06:58:29,030 - Knowledge - INFO - persist ingested knowledge for /app/data/b2c/12661/b1205y8/meta-rdk-12661/recipes-test/leakcheck-msg/files/utility.c
2025-08-28 06:58:29,030 - Knowledge - INFO - worker kw18 pull /app/data/b2c/12661/b1205y8/meta-rdk-12661/conf/distro/include/rdk_backtrace_log.inc from ingest queue
2025-08-28 06:58:29,030 - Knowledge - INFO - worker kw19 pull /app/data/b2c/12661/b1205y8/meta-rdk-12661/conf/distro/include/libsoup3.inc from ingest queue
2025-08-28 06:58:29,032 - Knowledge - INFO - Found code-base-name: https://github.com/kavia-common/meta-rdk-12661.git:kavia-master
2025-08-28 06:58:29,033 - Knowledge - INFO - Found code_base: <app.utils.kg_build.knowledge.KnowledgeCodeBase object at 0x7f7258280fd0>
2025-08-28 06:58:29,033 - Knowledge - INFO - persist ingested knowledge for /app/data/b2c/12661/b1205y8/meta-rdk-12661/conf/conf-notes.txt
2025-08-28 06:58:29,072 - Knowledge - INFO - process ingested knowledge for /app/data/b2c/12661/b1205y8/meta-rdk-12661/conf/distro/include/rdk_backtrace_log.inc
2025-08-28 06:58:29,073 - Knowledge - INFO - process ingested knowledge for /app/data/b2c/12661/b1205y8/meta-rdk-12661/conf/distro/include/libsoup3.inc
2025-08-28 06:58:29,102 - Knowledge - INFO - Found code-base-name: https://github.com/kavia-common/meta-rdk-12661.git:kavia-master
2025-08-28 06:58:29,103 - Knowledge - INFO - Found code_base: <app.utils.kg_build.knowledge.KnowledgeCodeBase object at 0x7f7258280fd0>
2025-08-28 06:58:29,103 - Knowledge - INFO - persist ingested knowledge for /app/data/b2c/12661/b1205y8/meta-rdk-12661/conf/distro/include/gstreamer-versions.inc
2025-08-28 06:58:29,158 - Knowledge - INFO - Found code-base-name: https://github.com/kavia-common/meta-rdk-12661.git:kavia-master
2025-08-28 06:58:29,158 - Knowledge - INFO - Found code_base: <app.utils.kg_build.knowledge.KnowledgeCodeBase object at 0x7f7258280fd0>
2025-08-28 06:58:29,158 - Knowledge - INFO - persist ingested knowledge for /app/data/b2c/12661/b1205y8/meta-rdk-12661/conf/distro/include/qt5-versions.inc
2025-08-28 06:58:29,158 - Knowledge - INFO - worker kw21 pull /app/data/b2c/12661/b1205y8/meta-rdk-12661/conf/distro/include/license_flags_whitelist.inc from ingest queue
2025-08-28 06:58:29,160 - Knowledge - INFO - worker kw22 pull /app/data/b2c/12661/b1205y8/meta-rdk-12661/conf/distro/include/setscene_enforce_ignore_tasks.inc from ingest queue
2025-08-28 06:58:29,160 - Knowledge - INFO - worker kw23 pull /app/data/b2c/12661/b1205y8/meta-rdk-12661/conf/distro/include/rdkb_backtrace_log.inc from ingest queue
2025-08-28 06:58:29,161 - Knowledge - INFO - worker kw24 pull /app/data/b2c/12661/b1205y8/meta-rdk-12661/conf/distro/include/rdkb.inc from ingest queue
2025-08-28 06:58:29,165 - Knowledge - INFO - worker kw25 pull /app/data/b2c/12661/b1205y8/meta-rdk-12661/conf/distro/include/rdk_lto.inc from ingest queue
2025-08-28 06:58:29,168 - Knowledge - INFO - adding /app/data/b2c/12661/b1205y8/meta-rdk-12661/recipes-test/hello/files/run-hello-app.sh to ingest queue
2025-08-28 06:58:29,169 - Knowledge - INFO - Found code-base-name: https://github.com/kavia-common/meta-rdk-12661.git:kavia-master
2025-08-28 06:58:29,169 - Knowledge - INFO - Found code_base: <app.utils.kg_build.knowledge.KnowledgeCodeBase object at 0x7f7258280fd0>
2025-08-28 06:58:29,169 - Knowledge - INFO - persist ingested knowledge for /app/data/b2c/12661/b1205y8/meta-rdk-12661/conf/include/basehash_ignore_vars.inc
2025-08-28 06:58:29,230 - Knowledge - INFO - process ingested knowledge for /app/data/b2c/12661/b1205y8/meta-rdk-12661/conf/distro/include/rdkb.inc
2025-08-28 06:58:29,244 - Knowledge - INFO - process ingested knowledge for /app/data/b2c/12661/b1205y8/meta-rdk-12661/conf/distro/include/setscene_enforce_ignore_tasks.inc
2025-08-28 06:58:29,255 - Knowledge - INFO - process ingested knowledge for /app/data/b2c/12661/b1205y8/meta-rdk-12661/conf/distro/include/rdkb_backtrace_log.inc
2025-08-28 06:58:29,257 - Knowledge - INFO - process ingested knowledge for /app/data/b2c/12661/b1205y8/meta-rdk-12661/conf/distro/include/rdk_lto.inc
2025-08-28 06:58:29,261 - Knowledge - INFO - process ingested knowledge for /app/data/b2c/12661/b1205y8/meta-rdk-12661/conf/distro/include/license_flags_whitelist.inc
2025-08-28 06:58:29,265 - Knowledge - INFO - adding /app/data/b2c/12661/b1205y8/meta-rdk-12661/conf/include/basehash_ignore_vars.inc to ingest queue
2025-08-28 06:58:29,338 - Knowledge - INFO - adding /app/data/b2c/12661/b1205y8/meta-rdk-12661/conf/include/hashbase_whitelist.inc to ingest queue
2025-08-28 06:58:29,403 - Knowledge - INFO - Found code-base-name: https://github.com/kavia-common/meta-rdk-12661.git:kavia-master
2025-08-28 06:58:29,403 - Knowledge - INFO - Found code_base: <app.utils.kg_build.knowledge.KnowledgeCodeBase object at 0x7f7258280fd0>
2025-08-28 06:58:29,403 - Knowledge - INFO - persist ingested knowledge for /app/data/b2c/12661/b1205y8/meta-rdk-12661/conf/distro/include/libsoup2.inc
2025-08-28 06:58:29,404 - Knowledge - INFO - Found code-base-name: https://github.com/kavia-common/meta-rdk-12661.git:kavia-master
2025-08-28 06:58:29,404 - Knowledge - INFO - Found code_base: <app.utils.kg_build.knowledge.KnowledgeCodeBase object at 0x7f7258280fd0>
2025-08-28 06:58:29,404 - Knowledge - INFO - persist ingested knowledge for /app/data/b2c/12661/b1205y8/meta-rdk-12661/conf/distro/include/rdkvemu.inc
2025-08-28 06:58:29,404 - Knowledge - INFO - Found code-base-name: https://github.com/kavia-common/meta-rdk-12661.git:kavia-master
2025-08-28 06:58:29,404 - Knowledge - INFO - Found code_base: <app.utils.kg_build.knowledge.KnowledgeCodeBase object at 0x7f7258280fd0>
2025-08-28 06:58:29,404 - Knowledge - INFO - persist ingested knowledge for /app/data/b2c/12661/b1205y8/meta-rdk-12661/conf/distro/include/rdk-external-src.inc
2025-08-28 06:58:29,466 - Knowledge - INFO - adding /app/data/b2c/12661/b1205y8/meta-rdk-12661/conf/distro/include/rdk-external-src.inc to ingest queue
2025-08-28 06:58:29,467 - Knowledge - INFO - adding /app/data/b2c/12661/b1205y8/meta-rdk-12661/conf/distro/include/rdk-esdk-conf.inc to ingest queue
2025-08-28 06:58:29,469 - Knowledge - INFO - worker kw20 pull /app/data/b2c/12661/b1205y8/meta-rdk-12661/conf/distro/include/rdkv.inc from ingest queue
2025-08-28 06:58:29,470 - Knowledge - INFO - worker kw8 pull /app/data/b2c/12661/b1205y8/meta-rdk-12661/conf/distro/include/rdk-versions.inc from ingest queue
2025-08-28 06:58:29,470 - Knowledge - INFO - adding /app/data/b2c/12661/b1205y8/meta-rdk-12661/conf/conf-notes.txt to ingest queue
2025-08-28 06:58:29,473 - Knowledge - INFO - Found code-base-name: https://github.com/kavia-common/meta-rdk-12661.git:kavia-master
2025-08-28 06:58:29,473 - Knowledge - INFO - Found code_base: <app.utils.kg_build.knowledge.KnowledgeCodeBase object at 0x7f7258280fd0>
2025-08-28 06:58:29,473 - Knowledge - INFO - persist ingested knowledge for /app/data/b2c/12661/b1205y8/meta-rdk-12661/conf/distro/include/rdkc.inc
2025-08-28 06:58:29,517 - Knowledge - INFO - process ingested knowledge for /app/data/b2c/12661/b1205y8/meta-rdk-12661/conf/distro/include/rdk-versions.inc
2025-08-28 06:58:29,522 - Knowledge - INFO - process ingested knowledge for /app/data/b2c/12661/b1205y8/meta-rdk-12661/conf/distro/include/rdkv.inc
2025-08-28 06:58:29,537 - Knowledge - INFO - adding /app/data/b2c/12661/b1205y8/meta-rdk-12661/conf/distro/include/gstreamer-versions.inc to ingest queue
2025-08-28 06:58:29,538 - Knowledge - INFO - Found code-base-name: https://github.com/kavia-common/meta-rdk-12661.git:kavia-master
2025-08-28 06:58:29,538 - Knowledge - INFO - Found code_base: <app.utils.kg_build.knowledge.KnowledgeCodeBase object at 0x7f7258280fd0>
2025-08-28 06:58:29,538 - Knowledge - INFO - persist ingested knowledge for /app/data/b2c/12661/b1205y8/meta-rdk-12661/conf/distro/include/rdk_multilib.inc
2025-08-28 06:58:29,539 - Knowledge - INFO - worker kw2 pull /app/data/b2c/12661/b1205y8/meta-rdk-12661/conf/distro/include/setscene_enforce_whitelist.inc from ingest queue
2025-08-28 06:58:29,540 - Knowledge - INFO - Found code-base-name: https://github.com/kavia-common/meta-rdk-12661.git:kavia-master
2025-08-28 06:58:29,540 - Knowledge - INFO - Found code_base: <app.utils.kg_build.knowledge.KnowledgeCodeBase object at 0x7f7258280fd0>
2025-08-28 06:58:29,540 - Knowledge - INFO - persist ingested knowledge for /app/data/b2c/12661/b1205y8/meta-rdk-12661/conf/distro/include/rdkb.inc
2025-08-28 06:58:29,540 - Knowledge - INFO - Found code-base-name: https://github.com/kavia-common/meta-rdk-12661.git:kavia-master
2025-08-28 06:58:29,540 - Knowledge - INFO - Found code_base: <app.utils.kg_build.knowledge.KnowledgeCodeBase object at 0x7f7258280fd0>
2025-08-28 06:58:29,540 - Knowledge - INFO - persist ingested knowledge for /app/data/b2c/12661/b1205y8/meta-rdk-12661/conf/distro/include/rdkb_backtrace_log.inc
2025-08-28 06:58:29,541 - Knowledge - INFO - Found code-base-name: https://github.com/kavia-common/meta-rdk-12661.git:kavia-master
2025-08-28 06:58:29,541 - Knowledge - INFO - Found code_base: <app.utils.kg_build.knowledge.KnowledgeCodeBase object at 0x7f7258280fd0>
2025-08-28 06:58:29,541 - Knowledge - INFO - persist ingested knowledge for /app/data/b2c/12661/b1205y8/meta-rdk-12661/conf/distro/include/rdk_lto.inc
2025-08-28 06:58:29,576 - Knowledge - INFO - process ingested knowledge for /app/data/b2c/12661/b1205y8/meta-rdk-12661/conf/distro/include/setscene_enforce_whitelist.inc
2025-08-28 06:58:29,614 - Knowledge - INFO - Found code-base-name: https://github.com/kavia-common/meta-rdk-12661.git:kavia-master
2025-08-28 06:58:29,614 - Knowledge - INFO - Found code_base: <app.utils.kg_build.knowledge.KnowledgeCodeBase object at 0x7f7258280fd0>
2025-08-28 06:58:29,614 - Knowledge - INFO - persist ingested knowledge for /app/data/b2c/12661/b1205y8/meta-rdk-12661/conf/distro/include/license_flags_whitelist.inc
2025-08-28 06:58:29,614 - Knowledge - INFO - worker kw4 pull /app/data/b2c/12661/b1205y8/meta-rdk-12661/conf/distro/include/license_flags_accepted.inc from ingest queue
2025-08-28 06:58:29,615 - Knowledge - INFO - adding /app/data/b2c/12661/b1205y8/meta-rdk-12661/recipes-test/hello/files/hello.c to ingest queue
2025-08-28 06:58:29,652 - Knowledge - INFO - process ingested knowledge for /app/data/b2c/12661/b1205y8/meta-rdk-12661/conf/distro/include/license_flags_accepted.inc
2025-08-28 06:58:29,682 - Knowledge - INFO - adding /app/data/b2c/12661/b1205y8/meta-rdk-12661/recipes-test/leakcheck-msg/files/msgq_receive.c to ingest queue
2025-08-28 06:58:29,750 - Knowledge - INFO - adding /app/data/b2c/12661/b1205y8/meta-rdk-12661/conf/distro/include/rdkvemu.inc to ingest queue
2025-08-28 06:58:29,821 - Knowledge - INFO - worker kw16 pull /app/data/b2c/12661/b1205y8/meta-rdk-12661/recipes-containers/dobby/dobby.inc from ingest queue
2025-08-28 06:58:29,821 - Knowledge - INFO - Found code-base-name: https://github.com/kavia-common/meta-rdk-12661.git:kavia-master
2025-08-28 06:58:29,821 - Knowledge - INFO - Found code_base: <app.utils.kg_build.knowledge.KnowledgeCodeBase object at 0x7f7258280fd0>
2025-08-28 06:58:29,821 - Knowledge - INFO - persist ingested knowledge for /app/data/b2c/12661/b1205y8/meta-rdk-12661/conf/distro/include/libsoup3.inc
2025-08-28 06:58:29,886 - Knowledge - INFO - process ingested knowledge for /app/data/b2c/12661/b1205y8/meta-rdk-12661/recipes-containers/dobby/dobby.inc
2025-08-28 06:58:29,901 - Knowledge - INFO - adding /app/data/b2c/12661/b1205y8/meta-rdk-12661/conf/distro/include/rdkc.inc to ingest queue
2025-08-28 06:58:29,901 - Knowledge - INFO - worker kw12 pull /app/data/b2c/12661/b1205y8/meta-rdk-12661/recipes-core/images/sdk-common.inc from ingest queue
2025-08-28 06:58:29,902 - Knowledge - INFO - adding /app/data/b2c/12661/b1205y8/meta-rdk-12661/conf/distro/include/qt5-versions.inc to ingest queue
2025-08-28 06:58:29,962 - Knowledge - INFO - process ingested knowledge for /app/data/b2c/12661/b1205y8/meta-rdk-12661/recipes-core/images/sdk-common.inc
2025-08-28 06:58:29,995 - Knowledge - INFO - adding /app/data/b2c/12661/b1205y8/meta-rdk-12661/conf/distro/include/rdk_multilib.inc to ingest queue
2025-08-28 06:58:29,995 - Knowledge - INFO - Found code-base-name: https://github.com/kavia-common/meta-rdk-12661.git:kavia-master
2025-08-28 06:58:29,995 - Knowledge - INFO - Found code_base: <app.utils.kg_build.knowledge.KnowledgeCodeBase object at 0x7f7258280fd0>
2025-08-28 06:58:29,995 - Knowledge - INFO - persist ingested knowledge for /app/data/b2c/12661/b1205y8/meta-rdk-12661/conf/distro/include/setscene_enforce_ignore_tasks.inc
2025-08-28 06:58:30,112 - Knowledge - INFO - Found code-base-name: https://github.com/kavia-common/meta-rdk-12661.git:kavia-master
2025-08-28 06:58:30,112 - Knowledge - INFO - Found code_base: <app.utils.kg_build.knowledge.KnowledgeCodeBase object at 0x7f7258280fd0>
2025-08-28 06:58:30,112 - Knowledge - INFO - persist ingested knowledge for /app/data/b2c/12661/b1205y8/meta-rdk-12661/conf/distro/include/rdk_security_flags.inc
2025-08-28 06:58:30,228 - Knowledge - INFO - adding /app/data/b2c/12661/b1205y8/meta-rdk-12661/conf/distro/include/rdk_lto.inc to ingest queue
2025-08-28 06:58:30,230 - Knowledge - INFO - worker kw6 pull /app/data/b2c/12661/b1205y8/meta-rdk-12661/recipes-core/images/rdk-esdk-override.inc from ingest queue
2025-08-28 06:58:30,231 - Knowledge - INFO - worker kw1 pull /app/data/b2c/12661/b1205y8/meta-rdk-12661/recipes-core/images/rdk-generic-media-common.inc from ingest queue
2025-08-28 06:58:30,234 - Knowledge - INFO - adding /app/data/b2c/12661/b1205y8/meta-rdk-12661/conf/distro/include/libsoup2.inc to ingest queue
2025-08-28 06:58:30,235 - Knowledge - INFO - Found code-base-name: https://github.com/kavia-common/meta-rdk-12661.git:kavia-master
2025-08-28 06:58:30,235 - Knowledge - INFO - Found code_base: <app.utils.kg_build.knowledge.KnowledgeCodeBase object at 0x7f7258280fd0>
2025-08-28 06:58:30,235 - Knowledge - INFO - persist ingested knowledge for /app/data/b2c/12661/b1205y8/meta-rdk-12661/conf/distro/include/rdkx.inc
2025-08-28 06:58:30,237 - Knowledge - INFO - worker kw15 pull /app/data/b2c/12661/b1205y8/meta-rdk-12661/recipes-common/sys_mon_tools/sys_mon_tools.inc from ingest queue
2025-08-28 06:58:30,238 - Knowledge - INFO - adding /app/data/b2c/12661/b1205y8/meta-rdk-12661/recipes-test/leakcheck-msg/files/utility.c to ingest queue
2025-08-28 06:58:30,296 - Knowledge - INFO - process ingested knowledge for /app/data/b2c/12661/b1205y8/meta-rdk-12661/recipes-core/images/rdk-esdk-override.inc
2025-08-28 06:58:30,313 - Knowledge - INFO - process ingested knowledge for /app/data/b2c/12661/b1205y8/meta-rdk-12661/recipes-common/sys_mon_tools/sys_mon_tools.inc
2025-08-28 06:58:30,317 - Knowledge - INFO - process ingested knowledge for /app/data/b2c/12661/b1205y8/meta-rdk-12661/recipes-core/images/rdk-generic-media-common.inc
2025-08-28 06:58:30,330 - Knowledge - INFO - Found code-base-name: https://github.com/kavia-common/meta-rdk-12661.git:kavia-master
2025-08-28 06:58:30,330 - Knowledge - INFO - Found code_base: <app.utils.kg_build.knowledge.KnowledgeCodeBase object at 0x7f7258280fd0>
2025-08-28 06:58:30,330 - Knowledge - INFO - persist ingested knowledge for /app/data/b2c/12661/b1205y8/meta-rdk-12661/recipes-containers/dobby/dobby.inc
2025-08-28 06:58:30,330 - Knowledge - INFO - Found code-base-name: https://github.com/kavia-common/meta-rdk-12661.git:kavia-master
2025-08-28 06:58:30,330 - Knowledge - INFO - Found code_base: <app.utils.kg_build.knowledge.KnowledgeCodeBase object at 0x7f7258280fd0>
2025-08-28 06:58:30,330 - Knowledge - INFO - persist ingested knowledge for /app/data/b2c/12661/b1205y8/meta-rdk-12661/conf/distro/include/rdkv.inc
2025-08-28 06:58:30,330 - Knowledge - INFO - Found code-base-name: https://github.com/kavia-common/meta-rdk-12661.git:kavia-master
2025-08-28 06:58:30,330 - Knowledge - INFO - Found code_base: <app.utils.kg_build.knowledge.KnowledgeCodeBase object at 0x7f7258280fd0>
2025-08-28 06:58:30,331 - Knowledge - INFO - persist ingested knowledge for /app/data/b2c/12661/b1205y8/meta-rdk-12661/conf/distro/include/rdk-versions.inc
2025-08-28 06:58:30,331 - Knowledge - INFO - worker kw7 pull /app/data/b2c/12661/b1205y8/meta-rdk-12661/recipes-common/gtest-apps/gtest-apps/gtest_apps_download.sh from ingest queue
2025-08-28 06:58:30,332 - Knowledge - INFO - worker kw10 pull /app/data/b2c/12661/b1205y8/meta-rdk-12661/recipes-common/safec-common-wrapper/files/safec_lib.h from ingest queue
2025-08-28 06:58:30,392 - Knowledge - INFO - process ingested knowledge for /app/data/b2c/12661/b1205y8/meta-rdk-12661/recipes-common/gtest-apps/gtest-apps/gtest_apps_download.sh
2025-08-28 06:58:30,407 - Knowledge - INFO - process ingested knowledge for /app/data/b2c/12661/b1205y8/meta-rdk-12661/recipes-common/safec-common-wrapper/files/safec_lib.h
2025-08-28 06:58:30,414 - Knowledge - INFO - worker kw14 pull /app/data/b2c/12661/b1205y8/meta-rdk-12661/recipes-common/debug-tools/files/debug-tools_download.sh from ingest queue
2025-08-28 06:58:30,414 - Knowledge - INFO - Found code-base-name: https://github.com/kavia-common/meta-rdk-12661.git:kavia-master
2025-08-28 06:58:30,414 - Knowledge - INFO - Found code_base: <app.utils.kg_build.knowledge.KnowledgeCodeBase object at 0x7f7258280fd0>
2025-08-28 06:58:30,414 - Knowledge - INFO - persist ingested knowledge for /app/data/b2c/12661/b1205y8/meta-rdk-12661/conf/distro/include/setscene_enforce_whitelist.inc
2025-08-28 06:58:30,458 - Knowledge - INFO - process ingested knowledge for /app/data/b2c/12661/b1205y8/meta-rdk-12661/recipes-common/debug-tools/files/debug-tools_download.sh
2025-08-28 06:58:30,480 - Knowledge - INFO - adding /app/data/b2c/12661/b1205y8/meta-rdk-12661/conf/distro/include/setscene_enforce_whitelist.inc to ingest queue
2025-08-28 06:58:30,481 - Knowledge - INFO - worker kw2 pull /app/data/b2c/12661/b1205y8/meta-rdk-12661/recipes-extended/webkitbrowser-plugin/include/webkitbrowser_memorylimits.fhd.inc from ingest queue
2025-08-28 06:58:30,482 - Knowledge - INFO - worker kw3 pull /app/data/b2c/12661/b1205y8/meta-rdk-12661/recipes-extended/webkitbrowser-plugin/include/webkitbrowser_properties.inc from ingest queue
2025-08-28 06:58:30,483 - Knowledge - INFO - Found code-base-name: https://github.com/kavia-common/meta-rdk-12661.git:kavia-master
2025-08-28 06:58:30,483 - Knowledge - INFO - Found code_base: <app.utils.kg_build.knowledge.KnowledgeCodeBase object at 0x7f7258280fd0>
2025-08-28 06:58:30,483 - Knowledge - INFO - persist ingested knowledge for /app/data/b2c/12661/b1205y8/meta-rdk-12661/conf/distro/include/rdk_backtrace_log.inc
2025-08-28 06:58:30,545 - Knowledge - INFO - process ingested knowledge for /app/data/b2c/12661/b1205y8/meta-rdk-12661/recipes-extended/webkitbrowser-plugin/include/webkitbrowser_properties.inc
2025-08-28 06:58:30,545 - Knowledge - INFO - process ingested knowledge for /app/data/b2c/12661/b1205y8/meta-rdk-12661/recipes-extended/webkitbrowser-plugin/include/webkitbrowser_memorylimits.fhd.inc
2025-08-28 06:58:30,562 - Knowledge - INFO - adding /app/data/b2c/12661/b1205y8/meta-rdk-12661/conf/distro/include/rdk_backtrace_log.inc to ingest queue
2025-08-28 06:58:30,563 - Knowledge - INFO - Found code-base-name: https://github.com/kavia-common/meta-rdk-12661.git:kavia-master
2025-08-28 06:58:30,563 - Knowledge - INFO - Found code_base: <app.utils.kg_build.knowledge.KnowledgeCodeBase object at 0x7f7258280fd0>
2025-08-28 06:58:30,563 - Knowledge - INFO - persist ingested knowledge for /app/data/b2c/12661/b1205y8/meta-rdk-12661/recipes-core/images/rdk-esdk-override.inc
2025-08-28 06:58:30,563 - Knowledge - INFO - Found code-base-name: https://github.com/kavia-common/meta-rdk-12661.git:kavia-master
2025-08-28 06:58:30,564 - Knowledge - INFO - Found code_base: <app.utils.kg_build.knowledge.KnowledgeCodeBase object at 0x7f7258280fd0>
2025-08-28 06:58:30,564 - Knowledge - INFO - persist ingested knowledge for /app/data/b2c/12661/b1205y8/meta-rdk-12661/recipes-common/sys_mon_tools/sys_mon_tools.inc
2025-08-28 06:58:30,568 - Knowledge - INFO - Found code-base-name: https://github.com/kavia-common/meta-rdk-12661.git:kavia-master
2025-08-28 06:58:30,568 - Knowledge - INFO - Found code_base: <app.utils.kg_build.knowledge.KnowledgeCodeBase object at 0x7f7258280fd0>
2025-08-28 06:58:30,568 - Knowledge - INFO - persist ingested knowledge for /app/data/b2c/12661/b1205y8/meta-rdk-12661/recipes-core/images/rdk-generic-media-common.inc
2025-08-28 06:58:30,784 - Knowledge - INFO - Found code-base-name: https://github.com/kavia-common/meta-rdk-12661.git:kavia-master
2025-08-28 06:58:30,784 - Knowledge - INFO - Found code_base: <app.utils.kg_build.knowledge.KnowledgeCodeBase object at 0x7f7258280fd0>
2025-08-28 06:58:30,784 - Knowledge - INFO - persist ingested knowledge for /app/data/b2c/12661/b1205y8/meta-rdk-12661/recipes-core/images/sdk-common.inc
2025-08-28 06:58:30,785 - Knowledge - INFO - worker kw11 pull /app/data/b2c/12661/b1205y8/meta-rdk-12661/recipes-extended/webkitbrowser-plugin/include/webkitbrowser_memorylimits.2gb.inc from ingest queue
2025-08-28 06:58:30,785 - Knowledge - INFO - Found code-base-name: https://github.com/kavia-common/meta-rdk-12661.git:kavia-master
2025-08-28 06:58:30,785 - Knowledge - INFO - Found code_base: <app.utils.kg_build.knowledge.KnowledgeCodeBase object at 0x7f7258280fd0>
2025-08-28 06:58:30,785 - Knowledge - INFO - persist ingested knowledge for /app/data/b2c/12661/b1205y8/meta-rdk-12661/recipes-common/gtest-apps/gtest-apps/gtest_apps_download.sh
2025-08-28 06:58:30,786 - Knowledge - INFO - adding /app/data/b2c/12661/b1205y8/meta-rdk-12661/conf/distro/include/rdkb.inc to ingest queue
2025-08-28 06:58:30,789 - Knowledge - INFO - adding /app/data/b2c/12661/b1205y8/meta-rdk-12661/conf/distro/include/setscene_enforce_ignore_tasks.inc to ingest queue
2025-08-28 06:58:30,790 - Knowledge - INFO - adding /app/data/b2c/12661/b1205y8/meta-rdk-12661/conf/distro/include/rdkb_backtrace_log.inc to ingest queue
2025-08-28 06:58:30,790 - Knowledge - INFO - Found code-base-name: https://github.com/kavia-common/meta-rdk-12661.git:kavia-master
2025-08-28 06:58:30,790 - Knowledge - INFO - Found code_base: <app.utils.kg_build.knowledge.KnowledgeCodeBase object at 0x7f7258280fd0>
2025-08-28 06:58:30,790 - Knowledge - INFO - persist ingested knowledge for /app/data/b2c/12661/b1205y8/meta-rdk-12661/recipes-common/debug-tools/files/debug-tools_download.sh
2025-08-28 06:58:30,792 - Knowledge - INFO - adding /app/data/b2c/12661/b1205y8/meta-rdk-12661/conf/distro/include/rdk_security_flags.inc to ingest queue
2025-08-28 06:58:30,794 - Knowledge - INFO - Found code-base-name: https://github.com/kavia-common/meta-rdk-12661.git:kavia-master
2025-08-28 06:58:30,794 - Knowledge - INFO - Found code_base: <app.utils.kg_build.knowledge.KnowledgeCodeBase object at 0x7f7258280fd0>
2025-08-28 06:58:30,794 - Knowledge - INFO - persist ingested knowledge for /app/data/b2c/12661/b1205y8/meta-rdk-12661/conf/distro/include/license_flags_accepted.inc
2025-08-28 06:58:30,794 - Knowledge - INFO - adding /app/data/b2c/12661/b1205y8/meta-rdk-12661/conf/distro/include/license_flags_whitelist.inc to ingest queue
2025-08-28 06:58:30,795 - Knowledge - INFO - worker kw25 pull /app/data/b2c/12661/b1205y8/meta-rdk-12661/recipes-extended/webkitbrowser-plugin/include/webkitbrowser_memorylimits.uhd.inc from ingest queue
2025-08-28 06:58:30,841 - Knowledge - INFO - process ingested knowledge for /app/data/b2c/12661/b1205y8/meta-rdk-12661/recipes-extended/webkitbrowser-plugin/include/webkitbrowser_memorylimits.uhd.inc
2025-08-28 06:58:30,842 - Knowledge - INFO - process ingested knowledge for /app/data/b2c/12661/b1205y8/meta-rdk-12661/recipes-extended/webkitbrowser-plugin/include/webkitbrowser_memorylimits.2gb.inc
2025-08-28 06:58:30,859 - Knowledge - INFO - worker kw9 pull /app/data/b2c/12661/b1205y8/meta-rdk-12661/recipes-extended/webkitbrowser-plugin/include/webkitbrowser_memorylimits.default.inc from ingest queue
2025-08-28 06:58:30,860 - Knowledge - INFO - Found code-base-name: https://github.com/kavia-common/meta-rdk-12661.git:kavia-master
2025-08-28 06:58:30,860 - Knowledge - INFO - Found code_base: <app.utils.kg_build.knowledge.KnowledgeCodeBase object at 0x7f7258280fd0>
2025-08-28 06:58:30,860 - Knowledge - INFO - persist ingested knowledge for /app/data/b2c/12661/b1205y8/meta-rdk-12661/recipes-extended/webkitbrowser-plugin/include/webkitbrowser_memorylimits.fhd.inc
2025-08-28 06:58:30,862 - Knowledge - INFO - worker kw5 pull /app/data/b2c/12661/b1205y8/meta-rdk-12661/recipes-extended/webkitbrowser-plugin/files/clearWebkitBrowserCache.sh from ingest queue
2025-08-28 06:58:30,901 - Knowledge - INFO - process ingested knowledge for /app/data/b2c/12661/b1205y8/meta-rdk-12661/recipes-extended/webkitbrowser-plugin/files/clearWebkitBrowserCache.sh
2025-08-28 06:58:30,908 - Knowledge - INFO - process ingested knowledge for /app/data/b2c/12661/b1205y8/meta-rdk-12661/recipes-extended/webkitbrowser-plugin/include/webkitbrowser_memorylimits.default.inc
2025-08-28 06:58:30,930 - Knowledge - INFO - worker kw18 pull /app/data/b2c/12661/b1205y8/meta-rdk-12661/rename_srcrev.sh from ingest queue
2025-08-28 06:58:30,931 - Knowledge - INFO - adding /app/data/b2c/12661/b1205y8/meta-rdk-12661/conf/distro/include/libsoup3.inc to ingest queue
2025-08-28 06:58:30,932 - Knowledge - INFO - adding /app/data/b2c/12661/b1205y8/meta-rdk-12661/recipes-containers/dobby/dobby.inc to ingest queue
2025-08-28 06:58:30,933 - Knowledge - INFO - adding /app/data/b2c/12661/b1205y8/meta-rdk-12661/conf/distro/include/rdkv.inc to ingest queue
2025-08-28 06:58:30,933 - Knowledge - INFO - adding /app/data/b2c/12661/b1205y8/meta-rdk-12661/conf/distro/include/rdk-versions.inc to ingest queue
2025-08-28 06:58:30,933 - Knowledge - INFO - Found code-base-name: https://github.com/kavia-common/meta-rdk-12661.git:kavia-master
2025-08-28 06:58:30,933 - Knowledge - INFO - Found code_base: <app.utils.kg_build.knowledge.KnowledgeCodeBase object at 0x7f7258280fd0>
2025-08-28 06:58:30,933 - Knowledge - INFO - persist ingested knowledge for /app/data/b2c/12661/b1205y8/meta-rdk-12661/recipes-common/safec-common-wrapper/files/safec_lib.h
2025-08-28 06:58:30,969 - Knowledge - INFO - process ingested knowledge for /app/data/b2c/12661/b1205y8/meta-rdk-12661/rename_srcrev.sh
2025-08-28 06:58:31,010 - Knowledge - INFO - worker kw22 pull /app/data/b2c/12661/b1205y8/meta-rdk-12661/recipes-support/network-zero-conf/files/board_access.sh from ingest queue
2025-08-28 06:58:31,070 - Knowledge - INFO - process ingested knowledge for /app/data/b2c/12661/b1205y8/meta-rdk-12661/recipes-support/network-zero-conf/files/board_access.sh
2025-08-28 06:58:31,088 - Knowledge - INFO - adding /app/data/b2c/12661/b1205y8/meta-rdk-12661/conf/distro/include/license_flags_accepted.inc to ingest queue
2025-08-28 06:58:31,089 - Knowledge - INFO - worker kw4 pull /app/data/b2c/12661/b1205y8/meta-rdk-12661/recipes-support/network-zero-conf/files/default-time-setter.sh from ingest queue
2025-08-28 06:58:31,090 - Knowledge - INFO - worker kw21 pull /app/data/b2c/12661/b1205y8/meta-rdk-12661/recipes-benchmark/stress-ng/files/rdk_oss_uploadSTBLogs.sh from ingest queue
2025-08-28 06:58:31,091 - Knowledge - INFO - Found code-base-name: https://github.com/kavia-common/meta-rdk-12661.git:kavia-master
2025-08-28 06:58:31,091 - Knowledge - INFO - Found code_base: <app.utils.kg_build.knowledge.KnowledgeCodeBase object at 0x7f7258280fd0>
2025-08-28 06:58:31,091 - Knowledge - INFO - persist ingested knowledge for /app/data/b2c/12661/b1205y8/meta-rdk-12661/recipes-extended/webkitbrowser-plugin/include/webkitbrowser_properties.inc
2025-08-28 06:58:31,138 - Knowledge - INFO - process ingested knowledge for /app/data/b2c/12661/b1205y8/meta-rdk-12661/recipes-benchmark/stress-ng/files/rdk_oss_uploadSTBLogs.sh
2025-08-28 06:58:31,142 - Knowledge - INFO - process ingested knowledge for /app/data/b2c/12661/b1205y8/meta-rdk-12661/recipes-support/network-zero-conf/files/default-time-setter.sh
2025-08-28 06:58:31,157 - Knowledge - INFO - adding /app/data/b2c/12661/b1205y8/meta-rdk-12661/conf/distro/include/rdkx.inc to ingest queue
2025-08-28 06:58:31,212 - Knowledge - INFO - Found code-base-name: https://github.com/kavia-common/meta-rdk-12661.git:kavia-master
2025-08-28 06:58:31,212 - Knowledge - INFO - Found code_base: <app.utils.kg_build.knowledge.KnowledgeCodeBase object at 0x7f7258280fd0>
2025-08-28 06:58:31,212 - Knowledge - INFO - persist ingested knowledge for /app/data/b2c/12661/b1205y8/meta-rdk-12661/recipes-extended/webkitbrowser-plugin/files/clearWebkitBrowserCache.sh
2025-08-28 06:58:31,213 - Knowledge - INFO - Found code-base-name: https://github.com/kavia-common/meta-rdk-12661.git:kavia-master
2025-08-28 06:58:31,213 - Knowledge - INFO - Found code_base: <app.utils.kg_build.knowledge.KnowledgeCodeBase object at 0x7f7258280fd0>
2025-08-28 06:58:31,213 - Knowledge - INFO - persist ingested knowledge for /app/data/b2c/12661/b1205y8/meta-rdk-12661/recipes-extended/webkitbrowser-plugin/include/webkitbrowser_memorylimits.default.inc
2025-08-28 06:58:31,213 - Knowledge - INFO - adding /app/data/b2c/12661/b1205y8/meta-rdk-12661/recipes-core/images/rdk-generic-media-common.inc to ingest queue
2025-08-28 06:58:31,213 - Knowledge - INFO - adding /app/data/b2c/12661/b1205y8/meta-rdk-12661/recipes-core/images/rdk-esdk-override.inc to ingest queue
2025-08-28 06:58:31,214 - Knowledge - INFO - worker kw16 pull /app/data/b2c/12661/b1205y8/meta-rdk-12661/recipes-benchmark/stress-ng/files/openssl-ptest-perf_stats.sh from ingest queue
2025-08-28 06:58:31,255 - Knowledge - INFO - process ingested knowledge for /app/data/b2c/12661/b1205y8/meta-rdk-12661/recipes-benchmark/stress-ng/files/openssl-ptest-perf_stats.sh
2025-08-28 06:58:31,280 - Knowledge - INFO - worker kw8 pull /app/data/b2c/12661/b1205y8/meta-rdk-12661/recipes-benchmark/stress-ng/files/capture-proc-metrics.sh from ingest queue
2025-08-28 06:58:31,280 - Knowledge - INFO - worker kw20 pull /app/data/b2c/12661/b1205y8/meta-rdk-12661/recipes-benchmark/stress-ng/files/openssl-ptest-stress.sh from ingest queue
2025-08-28 06:58:31,332 - Knowledge - INFO - process ingested knowledge for /app/data/b2c/12661/b1205y8/meta-rdk-12661/recipes-benchmark/stress-ng/files/openssl-ptest-stress.sh
2025-08-28 06:58:31,332 - Knowledge - INFO - process ingested knowledge for /app/data/b2c/12661/b1205y8/meta-rdk-12661/recipes-benchmark/stress-ng/files/capture-proc-metrics.sh
2025-08-28 06:58:31,348 - Knowledge - INFO - adding /app/data/b2c/12661/b1205y8/meta-rdk-12661/recipes-common/safec-common-wrapper/files/safec_lib.h to ingest queue
2025-08-28 06:58:31,348 - Knowledge - INFO - worker kw10 pull /app/data/b2c/12661/b1205y8/meta-rdk-12661/recipes-benchmark/stress-ng/files/stress-ng-tests.sh from ingest queue
2025-08-28 06:58:31,349 - Knowledge - INFO - Found code-base-name: https://github.com/kavia-common/meta-rdk-12661.git:kavia-master
2025-08-28 06:58:31,349 - Knowledge - INFO - Found code_base: <app.utils.kg_build.knowledge.KnowledgeCodeBase object at 0x7f7258280fd0>
2025-08-28 06:58:31,349 - Knowledge - INFO - persist ingested knowledge for /app/data/b2c/12661/b1205y8/meta-rdk-12661/recipes-support/network-zero-conf/files/board_access.sh
2025-08-28 06:58:31,350 - Knowledge - INFO - Found code-base-name: https://github.com/kavia-common/meta-rdk-12661.git:kavia-master
2025-08-28 06:58:31,350 - Knowledge - INFO - Found code_base: <app.utils.kg_build.knowledge.KnowledgeCodeBase object at 0x7f7258280fd0>
2025-08-28 06:58:31,350 - Knowledge - INFO - persist ingested knowledge for /app/data/b2c/12661/b1205y8/meta-rdk-12661/recipes-extended/webkitbrowser-plugin/include/webkitbrowser_memorylimits.uhd.inc
2025-08-28 06:58:31,350 - Knowledge - INFO - worker kw23 pull /app/data/b2c/12661/b1205y8/meta-rdk-12661/CONTRIBUTING.md from ingest queue
2025-08-28 06:58:31,392 - Knowledge - INFO - process ingested knowledge for /app/data/b2c/12661/b1205y8/meta-rdk-12661/recipes-benchmark/stress-ng/files/stress-ng-tests.sh
2025-08-28 06:58:31,393 - Knowledge - INFO - process ingested knowledge for /app/data/b2c/12661/b1205y8/meta-rdk-12661/CONTRIBUTING.md
2025-08-28 06:58:31,421 - Knowledge - INFO - Found code-base-name: https://github.com/kavia-common/meta-rdk-12661.git:kavia-master
2025-08-28 06:58:31,421 - Knowledge - INFO - Found code_base: <app.utils.kg_build.knowledge.KnowledgeCodeBase object at 0x7f7258280fd0>
2025-08-28 06:58:31,421 - Knowledge - INFO - persist ingested knowledge for /app/data/b2c/12661/b1205y8/meta-rdk-12661/recipes-benchmark/stress-ng/files/rdk_oss_uploadSTBLogs.sh
2025-08-28 06:58:31,422 - Knowledge - INFO - Found code-base-name: https://github.com/kavia-common/meta-rdk-12661.git:kavia-master
2025-08-28 06:58:31,422 - Knowledge - INFO - Found code_base: <app.utils.kg_build.knowledge.KnowledgeCodeBase object at 0x7f7258280fd0>
2025-08-28 06:58:31,422 - Knowledge - INFO - persist ingested knowledge for /app/data/b2c/12661/b1205y8/meta-rdk-12661/recipes-support/network-zero-conf/files/default-time-setter.sh
2025-08-28 06:58:31,422 - Knowledge - INFO - adding /app/data/b2c/12661/b1205y8/meta-rdk-12661/recipes-extended/webkitbrowser-plugin/include/webkitbrowser_memorylimits.fhd.inc to ingest queue
2025-08-28 06:58:31,422 - Knowledge - INFO - worker kw17 pull /app/data/b2c/12661/b1205y8/meta-rdk-12661/recipes-test/hello/files/run-hello-app.sh from ingest queue
2025-08-28 06:58:31,423 - Knowledge - INFO - Thread kw17 - File run-hello-app.sh - Remaining files in queue: 32
2025-08-28 06:58:31,423 - Knowledge - INFO - start ingest for /app/data/b2c/12661/b1205y8/meta-rdk-12661/recipes-test/hello/files/run-hello-app.sh
2025-08-28 06:58:31,423 - Knowledge - INFO - adding /app/data/b2c/12661/b1205y8/meta-rdk-12661/recipes-common/sys_mon_tools/sys_mon_tools.inc to ingest queue
2025-08-28 06:58:31,424 - Knowledge - INFO - worker kw1 pull /app/data/b2c/12661/b1205y8/meta-rdk-12661/conf/include/basehash_ignore_vars.inc from ingest queue
2025-08-28 06:58:31,424 - Knowledge - INFO - Thread kw1 - File basehash_ignore_vars.inc - Remaining files in queue: 32
2025-08-28 06:58:31,424 - Knowledge - INFO - start ingest for /app/data/b2c/12661/b1205y8/meta-rdk-12661/conf/include/basehash_ignore_vars.inc
2025-08-28 06:58:31,424 - Knowledge - INFO - worker kw19 pull /app/data/b2c/12661/b1205y8/meta-rdk-12661/conf/include/hashbase_whitelist.inc from ingest queue
2025-08-28 06:58:31,424 - Knowledge - INFO - Thread kw19 - File hashbase_whitelist.inc - Remaining files in queue: 31
2025-08-28 06:58:31,425 - Knowledge - INFO - start ingest for /app/data/b2c/12661/b1205y8/meta-rdk-12661/conf/include/hashbase_whitelist.inc
2025-08-28 06:58:31,425 - Knowledge - INFO - worker kw6 pull /app/data/b2c/12661/b1205y8/meta-rdk-12661/conf/distro/include/rdk-external-src.inc from ingest queue
2025-08-28 06:58:31,425 - Knowledge - INFO - Thread kw6 - File rdk-external-src.inc - Remaining files in queue: 30
2025-08-28 06:58:31,425 - Knowledge - INFO - start ingest for /app/data/b2c/12661/b1205y8/meta-rdk-12661/conf/distro/include/rdk-external-src.inc
2025-08-28 06:58:31,426 - Knowledge - INFO - adding /app/data/b2c/12661/b1205y8/meta-rdk-12661/recipes-common/gtest-apps/gtest-apps/gtest_apps_download.sh to ingest queue
2025-08-28 06:58:31,426 - Knowledge - INFO - Found code-base-name: https://github.com/kavia-common/meta-rdk-12661.git:kavia-master
2025-08-28 06:58:31,426 - Knowledge - INFO - Found code_base: <app.utils.kg_build.knowledge.KnowledgeCodeBase object at 0x7f7258280fd0>
2025-08-28 06:58:31,427 - Knowledge - INFO - persist ingested knowledge for /app/data/b2c/12661/b1205y8/meta-rdk-12661/rename_srcrev.sh
2025-08-28 06:58:31,427 - Knowledge - INFO - Found code-base-name: https://github.com/kavia-common/meta-rdk-12661.git:kavia-master
2025-08-28 06:58:31,428 - Knowledge - INFO - Found code_base: <app.utils.kg_build.knowledge.KnowledgeCodeBase object at 0x7f7258280fd0>
2025-08-28 06:58:31,428 - Knowledge - INFO - persist ingested knowledge for /app/data/b2c/12661/b1205y8/meta-rdk-12661/recipes-benchmark/stress-ng/files/openssl-ptest-stress.sh
2025-08-28 06:58:31,429 - Knowledge - INFO - worker kw24 pull /app/data/b2c/12661/b1205y8/meta-rdk-12661/conf/distro/include/rdk-esdk-conf.inc from ingest queue
2025-08-28 06:58:31,429 - Knowledge - INFO - Thread kw24 - File rdk-esdk-conf.inc - Remaining files in queue: 30
2025-08-28 06:58:31,429 - Knowledge - INFO - start ingest for /app/data/b2c/12661/b1205y8/meta-rdk-12661/conf/distro/include/rdk-esdk-conf.inc
2025-08-28 06:58:31,433 - Knowledge - INFO - Fast-track processing for simple file: /app/data/b2c/12661/b1205y8/meta-rdk-12661/conf/include/hashbase_whitelist.inc
2025-08-28 06:58:31,433 - Knowledge - INFO - done fast ingest for /app/data/b2c/12661/b1205y8/meta-rdk-12661/conf/include/hashbase_whitelist.inc
2025-08-28 06:58:31,434 - Knowledge - INFO - process ingested knowledge for /app/data/b2c/12661/b1205y8/meta-rdk-12661/conf/include/hashbase_whitelist.inc
2025-08-28 06:58:31,434 - Knowledge - INFO - Fast-track processing for simple file: /app/data/b2c/12661/b1205y8/meta-rdk-12661/conf/include/basehash_ignore_vars.inc
2025-08-28 06:58:31,434 - Knowledge - INFO - done fast ingest for /app/data/b2c/12661/b1205y8/meta-rdk-12661/conf/include/basehash_ignore_vars.inc
2025-08-28 06:58:31,435 - Knowledge - INFO - process ingested knowledge for /app/data/b2c/12661/b1205y8/meta-rdk-12661/conf/include/basehash_ignore_vars.inc
2025-08-28 06:58:31,436 - Knowledge - INFO - Fast-track processing for simple file: /app/data/b2c/12661/b1205y8/meta-rdk-12661/conf/distro/include/rdk-esdk-conf.inc
2025-08-28 06:58:31,436 - Knowledge - INFO - done fast ingest for /app/data/b2c/12661/b1205y8/meta-rdk-12661/conf/distro/include/rdk-esdk-conf.inc
2025-08-28 06:58:31,436 - Knowledge - INFO - process ingested knowledge for /app/data/b2c/12661/b1205y8/meta-rdk-12661/conf/distro/include/rdk-esdk-conf.inc
2025-08-28 06:58:31,437 - Knowledge - INFO - Fast-track processing for simple file: /app/data/b2c/12661/b1205y8/meta-rdk-12661/conf/distro/include/rdk-external-src.inc
2025-08-28 06:58:31,437 - Knowledge - INFO - done fast ingest for /app/data/b2c/12661/b1205y8/meta-rdk-12661/conf/distro/include/rdk-external-src.inc
2025-08-28 06:58:31,437 - Knowledge - INFO - process ingested knowledge for /app/data/b2c/12661/b1205y8/meta-rdk-12661/conf/distro/include/rdk-external-src.inc
2025-08-28 06:58:31,613 - Knowledge - INFO - Found code-base-name: https://github.com/kavia-common/meta-rdk-12661.git:kavia-master
2025-08-28 06:58:31,614 - Knowledge - INFO - Found code_base: <app.utils.kg_build.knowledge.KnowledgeCodeBase object at 0x7f7258280fd0>
2025-08-28 06:58:31,614 - Knowledge - INFO - persist ingested knowledge for /app/data/b2c/12661/b1205y8/meta-rdk-12661/recipes-extended/webkitbrowser-plugin/include/webkitbrowser_memorylimits.2gb.inc
2025-08-28 06:58:31,614 - Knowledge - INFO - Found code-base-name: https://github.com/kavia-common/meta-rdk-12661.git:kavia-master
2025-08-28 06:58:31,614 - Knowledge - INFO - Found code_base: <app.utils.kg_build.knowledge.KnowledgeCodeBase object at 0x7f7258280fd0>
2025-08-28 06:58:31,614 - Knowledge - INFO - persist ingested knowledge for /app/data/b2c/12661/b1205y8/meta-rdk-12661/recipes-benchmark/stress-ng/files/stress-ng-tests.sh
2025-08-28 06:58:31,615 - Knowledge - INFO - Found code-base-name: https://github.com/kavia-common/meta-rdk-12661.git:kavia-master
2025-08-28 06:58:31,615 - Knowledge - INFO - Found code_base: <app.utils.kg_build.knowledge.KnowledgeCodeBase object at 0x7f7258280fd0>
2025-08-28 06:58:31,617 - Knowledge - INFO - persist ingested knowledge for /app/data/b2c/12661/b1205y8/meta-rdk-12661/CONTRIBUTING.md
2025-08-28 06:58:32,022 - Knowledge - INFO - adding /app/data/b2c/12661/b1205y8/meta-rdk-12661/recipes-extended/webkitbrowser-plugin/include/webkitbrowser_properties.inc to ingest queue
2025-08-28 06:58:32,028 - Knowledge - INFO - worker kw2 pull /app/data/b2c/12661/b1205y8/meta-rdk-12661/conf/conf-notes.txt from ingest queue
2025-08-28 06:58:32,028 - Knowledge - INFO - Thread kw2 - File conf-notes.txt - Remaining files in queue: 30
2025-08-28 06:58:32,029 - Knowledge - INFO - start ingest for /app/data/b2c/12661/b1205y8/meta-rdk-12661/conf/conf-notes.txt
2025-08-28 06:58:32,044 - Knowledge - INFO - Fast-track processing for simple file: /app/data/b2c/12661/b1205y8/meta-rdk-12661/conf/conf-notes.txt
2025-08-28 06:58:32,044 - Knowledge - INFO - done fast ingest for /app/data/b2c/12661/b1205y8/meta-rdk-12661/conf/conf-notes.txt
2025-08-28 06:58:32,044 - Knowledge - INFO - process ingested knowledge for /app/data/b2c/12661/b1205y8/meta-rdk-12661/conf/conf-notes.txt
2025-08-28 06:58:32,176 - Knowledge - INFO - worker kw15 pull /app/data/b2c/12661/b1205y8/meta-rdk-12661/conf/distro/include/gstreamer-versions.inc from ingest queue
2025-08-28 06:58:32,176 - Knowledge - INFO - Thread kw15 - File gstreamer-versions.inc - Remaining files in queue: 29
2025-08-28 06:58:32,176 - Knowledge - INFO - start ingest for /app/data/b2c/12661/b1205y8/meta-rdk-12661/conf/distro/include/gstreamer-versions.inc
2025-08-28 06:58:32,247 - Knowledge - INFO - Found code-base-name: https://github.com/kavia-common/meta-rdk-12661.git:kavia-master
2025-08-28 06:58:32,247 - Knowledge - INFO - Found code_base: <app.utils.kg_build.knowledge.KnowledgeCodeBase object at 0x7f7258280fd0>
2025-08-28 06:58:32,247 - Knowledge - INFO - persist ingested knowledge for /app/data/b2c/12661/b1205y8/meta-rdk-12661/recipes-benchmark/stress-ng/files/openssl-ptest-perf_stats.sh
2025-08-28 06:58:32,247 - Knowledge - INFO - worker kw7 pull /app/data/b2c/12661/b1205y8/meta-rdk-12661/recipes-test/hello/files/hello.c from ingest queue
2025-08-28 06:58:32,247 - Knowledge - INFO - Thread kw7 - File hello.c - Remaining files in queue: 28
2025-08-28 06:58:32,248 - Knowledge - INFO - start ingest for /app/data/b2c/12661/b1205y8/meta-rdk-12661/recipes-test/hello/files/hello.c
2025-08-28 06:58:32,248 - Knowledge - INFO - Found code-base-name: https://github.com/kavia-common/meta-rdk-12661.git:kavia-master
2025-08-28 06:58:32,248 - Knowledge - INFO - Found code_base: <app.utils.kg_build.knowledge.KnowledgeCodeBase object at 0x7f7258280fd0>
2025-08-28 06:58:32,248 - Knowledge - INFO - persist ingested knowledge for /app/data/b2c/12661/b1205y8/meta-rdk-12661/recipes-benchmark/stress-ng/files/capture-proc-metrics.sh
2025-08-28 06:58:32,250 - Knowledge - INFO - Fast-track processing for simple file: /app/data/b2c/12661/b1205y8/meta-rdk-12661/recipes-test/hello/files/hello.c
2025-08-28 06:58:32,250 - Knowledge - INFO - done fast ingest for /app/data/b2c/12661/b1205y8/meta-rdk-12661/recipes-test/hello/files/hello.c
2025-08-28 06:58:32,257 - Knowledge - INFO - process ingested knowledge for /app/data/b2c/12661/b1205y8/meta-rdk-12661/recipes-test/hello/files/hello.c
2025-08-28 06:58:32,357 - Knowledge - INFO - adding /app/data/b2c/12661/b1205y8/meta-rdk-12661/recipes-common/debug-tools/files/debug-tools_download.sh to ingest queue
2025-08-28 06:58:32,358 - Knowledge - INFO - worker kw14 pull /app/data/b2c/12661/b1205y8/meta-rdk-12661/recipes-test/leakcheck-msg/files/msgq_receive.c from ingest queue
2025-08-28 06:58:32,358 - Knowledge - INFO - Thread kw14 - File msgq_receive.c - Remaining files in queue: 28
2025-08-28 06:58:32,358 - Knowledge - INFO - start ingest for /app/data/b2c/12661/b1205y8/meta-rdk-12661/recipes-test/leakcheck-msg/files/msgq_receive.c
2025-08-28 06:58:32,358 - Knowledge - INFO - Found code-base-name: https://github.com/kavia-common/meta-rdk-12661.git:kavia-master
2025-08-28 06:58:32,359 - Knowledge - INFO - Found code_base: <app.utils.kg_build.knowledge.KnowledgeCodeBase object at 0x7f7258280fd0>
2025-08-28 06:58:32,359 - Knowledge - INFO - persist ingested knowledge for /app/data/b2c/12661/b1205y8/meta-rdk-12661/conf/include/basehash_ignore_vars.inc
2025-08-28 06:58:32,359 - Knowledge - INFO - Found code-base-name: https://github.com/kavia-common/meta-rdk-12661.git:kavia-master
2025-08-28 06:58:32,360 - Knowledge - INFO - Found code_base: <app.utils.kg_build.knowledge.KnowledgeCodeBase object at 0x7f7258280fd0>
2025-08-28 06:58:32,360 - Knowledge - INFO - persist ingested knowledge for /app/data/b2c/12661/b1205y8/meta-rdk-12661/conf/distro/include/rdk-esdk-conf.inc
2025-08-28 06:58:32,360 - Knowledge - INFO - Found code-base-name: https://github.com/kavia-common/meta-rdk-12661.git:kavia-master
2025-08-28 06:58:32,360 - Knowledge - INFO - Found code_base: <app.utils.kg_build.knowledge.KnowledgeCodeBase object at 0x7f7258280fd0>
2025-08-28 06:58:32,360 - Knowledge - INFO - persist ingested knowledge for /app/data/b2c/12661/b1205y8/meta-rdk-12661/conf/distro/include/rdk-external-src.inc
2025-08-28 06:58:32,361 - Knowledge - INFO - adding /app/data/b2c/12661/b1205y8/meta-rdk-12661/recipes-support/network-zero-conf/files/board_access.sh to ingest queue
2025-08-28 06:58:32,362 - Knowledge - INFO - adding /app/data/b2c/12661/b1205y8/meta-rdk-12661/recipes-extended/webkitbrowser-plugin/include/webkitbrowser_memorylimits.uhd.inc to ingest queue
2025-08-28 06:58:32,362 - Knowledge - INFO - worker kw25 pull /app/data/b2c/12661/b1205y8/meta-rdk-12661/conf/distro/include/rdkvemu.inc from ingest queue
2025-08-28 06:58:32,362 - Knowledge - INFO - Thread kw25 - File rdkvemu.inc - Remaining files in queue: 29
2025-08-28 06:58:32,363 - Knowledge - INFO - start ingest for /app/data/b2c/12661/b1205y8/meta-rdk-12661/conf/distro/include/rdkvemu.inc
2025-08-28 06:58:32,490 - Knowledge - INFO - worker kw3 pull /app/data/b2c/12661/b1205y8/meta-rdk-12661/conf/distro/include/rdkc.inc from ingest queue
2025-08-28 06:58:32,490 - Knowledge - INFO - Thread kw3 - File rdkc.inc - Remaining files in queue: 28
2025-08-28 06:58:32,491 - Knowledge - INFO - start ingest for /app/data/b2c/12661/b1205y8/meta-rdk-12661/conf/distro/include/rdkc.inc
2025-08-28 06:58:32,491 - Knowledge - INFO - Found code-base-name: https://github.com/kavia-common/meta-rdk-12661.git:kavia-master
2025-08-28 06:58:32,491 - Knowledge - INFO - Found code_base: <app.utils.kg_build.knowledge.KnowledgeCodeBase object at 0x7f7258280fd0>
2025-08-28 06:58:32,491 - Knowledge - INFO - persist ingested knowledge for /app/data/b2c/12661/b1205y8/meta-rdk-12661/conf/conf-notes.txt
2025-08-28 06:58:32,491 - Knowledge - INFO - adding /app/data/b2c/12661/b1205y8/meta-rdk-12661/recipes-extended/webkitbrowser-plugin/include/webkitbrowser_memorylimits.default.inc to ingest queue
2025-08-28 06:58:32,492 - Knowledge - INFO - worker kw9 pull /app/data/b2c/12661/b1205y8/meta-rdk-12661/conf/distro/include/qt5-versions.inc from ingest queue
2025-08-28 06:58:32,492 - Knowledge - INFO - Thread kw9 - File qt5-versions.inc - Remaining files in queue: 28
2025-08-28 06:58:32,492 - Knowledge - INFO - start ingest for /app/data/b2c/12661/b1205y8/meta-rdk-12661/conf/distro/include/qt5-versions.inc
2025-08-28 06:58:32,945 - Knowledge - INFO - Found code-base-name: https://github.com/kavia-common/meta-rdk-12661.git:kavia-master
2025-08-28 06:58:32,945 - Knowledge - INFO - Found code_base: <app.utils.kg_build.knowledge.KnowledgeCodeBase object at 0x7f7258280fd0>
2025-08-28 06:58:32,945 - Knowledge - INFO - persist ingested knowledge for /app/data/b2c/12661/b1205y8/meta-rdk-12661/recipes-test/hello/files/hello.c
2025-08-28 06:58:33,211 - Knowledge - INFO - worker kw7 pull /app/data/b2c/12661/b1205y8/meta-rdk-12661/conf/distro/include/rdk_multilib.inc from ingest queue
2025-08-28 06:58:33,211 - Knowledge - INFO - Thread kw7 - File rdk_multilib.inc - Remaining files in queue: 27
2025-08-28 06:58:33,211 - Knowledge - INFO - start ingest for /app/data/b2c/12661/b1205y8/meta-rdk-12661/conf/distro/include/rdk_multilib.inc
2025-08-28 06:58:33,229 - Knowledge - INFO - Fast-track processing for simple file: /app/data/b2c/12661/b1205y8/meta-rdk-12661/conf/distro/include/rdk_multilib.inc
2025-08-28 06:58:33,229 - Knowledge - INFO - done fast ingest for /app/data/b2c/12661/b1205y8/meta-rdk-12661/conf/distro/include/rdk_multilib.inc
2025-08-28 06:58:33,230 - Knowledge - INFO - process ingested knowledge for /app/data/b2c/12661/b1205y8/meta-rdk-12661/conf/distro/include/rdk_multilib.inc
2025-08-28 06:58:33,503 - Knowledge - INFO - adding /app/data/b2c/12661/b1205y8/meta-rdk-12661/recipes-benchmark/stress-ng/files/openssl-ptest-stress.sh to ingest queue
2025-08-28 06:58:33,813 - Knowledge - INFO - worker kw22 pull /app/data/b2c/12661/b1205y8/meta-rdk-12661/conf/distro/include/rdk_lto.inc from ingest queue
2025-08-28 06:58:33,813 - Knowledge - INFO - Thread kw22 - File rdk_lto.inc - Remaining files in queue: 27
2025-08-28 06:58:33,813 - Knowledge - INFO - start ingest for /app/data/b2c/12661/b1205y8/meta-rdk-12661/conf/distro/include/rdk_lto.inc
2025-08-28 06:58:33,823 - Knowledge - INFO - Fast-track processing for simple file: /app/data/b2c/12661/b1205y8/meta-rdk-12661/conf/distro/include/rdk_lto.inc
2025-08-28 06:58:33,823 - Knowledge - INFO - done fast ingest for /app/data/b2c/12661/b1205y8/meta-rdk-12661/conf/distro/include/rdk_lto.inc
2025-08-28 06:58:33,824 - Knowledge - INFO - process ingested knowledge for /app/data/b2c/12661/b1205y8/meta-rdk-12661/conf/distro/include/rdk_lto.inc
2025-08-28 06:58:33,828 - Knowledge - INFO - adding /app/data/b2c/12661/b1205y8/meta-rdk-12661/recipes-benchmark/stress-ng/files/rdk_oss_uploadSTBLogs.sh to ingest queue
2025-08-28 06:58:34,017 - Knowledge - INFO - adding /app/data/b2c/12661/b1205y8/meta-rdk-12661/CONTRIBUTING.md to ingest queue
2025-08-28 06:58:34,041 - Knowledge - INFO - adding /app/data/b2c/12661/b1205y8/meta-rdk-12661/recipes-support/network-zero-conf/files/default-time-setter.sh to ingest queue
2025-08-28 06:58:34,057 - Knowledge - INFO - adding /app/data/b2c/12661/b1205y8/meta-rdk-12661/recipes-core/images/sdk-common.inc to ingest queue
2025-08-28 06:58:34,069 - Knowledge - INFO - adding /app/data/b2c/12661/b1205y8/meta-rdk-12661/recipes-benchmark/stress-ng/files/openssl-ptest-perf_stats.sh to ingest queue
2025-08-28 06:58:34,081 - Knowledge - INFO - adding /app/data/b2c/12661/b1205y8/meta-rdk-12661/recipes-benchmark/stress-ng/files/capture-proc-metrics.sh to ingest queue
2025-08-28 06:58:34,082 - Knowledge - INFO - worker kw8 pull /app/data/b2c/12661/b1205y8/meta-rdk-12661/conf/distro/include/libsoup2.inc from ingest queue
2025-08-28 06:58:34,082 - Knowledge - INFO - Thread kw8 - File libsoup2.inc - Remaining files in queue: 32
2025-08-28 06:58:34,082 - Knowledge - INFO - start ingest for /app/data/b2c/12661/b1205y8/meta-rdk-12661/conf/distro/include/libsoup2.inc
2025-08-28 06:58:34,110 - Knowledge - INFO - Found code-base-name: https://github.com/kavia-common/meta-rdk-12661.git:kavia-master
2025-08-28 06:58:34,110 - Knowledge - INFO - Found code_base: <app.utils.kg_build.knowledge.KnowledgeCodeBase object at 0x7f7258280fd0>
2025-08-28 06:58:34,110 - Knowledge - INFO - persist ingested knowledge for /app/data/b2c/12661/b1205y8/meta-rdk-12661/conf/distro/include/rdk_multilib.inc
2025-08-28 06:58:34,113 - Knowledge - INFO - worker kw1 pull /app/data/b2c/12661/b1205y8/meta-rdk-12661/recipes-test/leakcheck-msg/files/utility.c from ingest queue
2025-08-28 06:58:34,113 - Knowledge - INFO - Thread kw1 - File utility.c - Remaining files in queue: 31
2025-08-28 06:58:34,115 - Knowledge - INFO - start ingest for /app/data/b2c/12661/b1205y8/meta-rdk-12661/recipes-test/leakcheck-msg/files/utility.c
2025-08-28 06:58:34,312 - Knowledge - INFO - worker kw20 pull /app/data/b2c/12661/b1205y8/meta-rdk-12661/conf/distro/include/setscene_enforce_whitelist.inc from ingest queue
2025-08-28 06:58:34,312 - Knowledge - INFO - Thread kw20 - File setscene_enforce_whitelist.inc - Remaining files in queue: 30
2025-08-28 06:58:34,313 - Knowledge - INFO - start ingest for /app/data/b2c/12661/b1205y8/meta-rdk-12661/conf/distro/include/setscene_enforce_whitelist.inc
2025-08-28 06:58:34,316 - Knowledge - INFO - worker kw6 pull /app/data/b2c/12661/b1205y8/meta-rdk-12661/conf/distro/include/rdk_backtrace_log.inc from ingest queue
2025-08-28 06:58:34,316 - Knowledge - INFO - Thread kw6 - File rdk_backtrace_log.inc - Remaining files in queue: 29
2025-08-28 06:58:34,316 - Knowledge - INFO - start ingest for /app/data/b2c/12661/b1205y8/meta-rdk-12661/conf/distro/include/rdk_backtrace_log.inc
2025-08-28 06:58:34,320 - Knowledge - INFO - Found code-base-name: https://github.com/kavia-common/meta-rdk-12661.git:kavia-master
2025-08-28 06:58:34,320 - Knowledge - INFO - Found code_base: <app.utils.kg_build.knowledge.KnowledgeCodeBase object at 0x7f7258280fd0>
2025-08-28 06:58:34,320 - Knowledge - INFO - persist ingested knowledge for /app/data/b2c/12661/b1205y8/meta-rdk-12661/conf/distro/include/rdk_lto.inc
2025-08-28 06:58:34,329 - Knowledge - INFO - worker kw23 pull /app/data/b2c/12661/b1205y8/meta-rdk-12661/conf/distro/include/rdkb.inc from ingest queue
2025-08-28 06:58:34,330 - Knowledge - INFO - Thread kw23 - File rdkb.inc - Remaining files in queue: 28
2025-08-28 06:58:34,330 - Knowledge - INFO - start ingest for /app/data/b2c/12661/b1205y8/meta-rdk-12661/conf/distro/include/rdkb.inc
2025-08-28 06:58:34,338 - Knowledge - INFO - Fast-track processing for simple file: /app/data/b2c/12661/b1205y8/meta-rdk-12661/conf/distro/include/setscene_enforce_whitelist.inc
2025-08-28 06:58:34,338 - Knowledge - INFO - done fast ingest for /app/data/b2c/12661/b1205y8/meta-rdk-12661/conf/distro/include/setscene_enforce_whitelist.inc
2025-08-28 06:58:34,339 - Knowledge - INFO - process ingested knowledge for /app/data/b2c/12661/b1205y8/meta-rdk-12661/conf/distro/include/setscene_enforce_whitelist.inc
2025-08-28 06:58:34,729 - Knowledge - INFO - adding /app/data/b2c/12661/b1205y8/meta-rdk-12661/recipes-benchmark/stress-ng/files/stress-ng-tests.sh to ingest queue
2025-08-28 06:58:34,732 - Knowledge - INFO - adding /app/data/b2c/12661/b1205y8/meta-rdk-12661/recipes-extended/webkitbrowser-plugin/files/clearWebkitBrowserCache.sh to ingest queue
2025-08-28 06:58:34,740 - Knowledge - INFO - worker kw4 pull /app/data/b2c/12661/b1205y8/meta-rdk-12661/conf/distro/include/setscene_enforce_ignore_tasks.inc from ingest queue
2025-08-28 06:58:34,740 - Knowledge - INFO - Thread kw4 - File setscene_enforce_ignore_tasks.inc - Remaining files in queue: 29
2025-08-28 06:58:34,741 - Knowledge - INFO - start ingest for /app/data/b2c/12661/b1205y8/meta-rdk-12661/conf/distro/include/setscene_enforce_ignore_tasks.inc
2025-08-28 06:58:34,744 - Knowledge - INFO - worker kw12 pull /app/data/b2c/12661/b1205y8/meta-rdk-12661/conf/distro/include/rdkb_backtrace_log.inc from ingest queue
2025-08-28 06:58:34,744 - Knowledge - INFO - Thread kw12 - File rdkb_backtrace_log.inc - Remaining files in queue: 28
2025-08-28 06:58:34,745 - Knowledge - INFO - start ingest for /app/data/b2c/12661/b1205y8/meta-rdk-12661/conf/distro/include/rdkb_backtrace_log.inc
2025-08-28 06:58:34,751 - Knowledge - INFO - worker kw16 pull /app/data/b2c/12661/b1205y8/meta-rdk-12661/conf/distro/include/rdk_security_flags.inc from ingest queue
2025-08-28 06:58:34,751 - Knowledge - INFO - Thread kw16 - File rdk_security_flags.inc - Remaining files in queue: 27
2025-08-28 06:58:34,751 - Knowledge - INFO - start ingest for /app/data/b2c/12661/b1205y8/meta-rdk-12661/conf/distro/include/rdk_security_flags.inc
2025-08-28 06:58:34,760 - Knowledge - INFO - done ingest for /app/data/b2c/12661/b1205y8/meta-rdk-12661/conf/distro/include/gstreamer-versions.inc
2025-08-28 06:58:34,761 - Knowledge - INFO - Found code-base-name: https://github.com/kavia-common/meta-rdk-12661.git:kavia-master
2025-08-28 06:58:34,761 - Knowledge - INFO - Found code_base: <app.utils.kg_build.knowledge.KnowledgeCodeBase object at 0x7f7258280fd0>
2025-08-28 06:58:34,761 - Knowledge - INFO - persist ingested knowledge for /app/data/b2c/12661/b1205y8/meta-rdk-12661/conf/include/hashbase_whitelist.inc
2025-08-28 06:58:34,764 - Knowledge - INFO - process ingested knowledge for /app/data/b2c/12661/b1205y8/meta-rdk-12661/conf/distro/include/gstreamer-versions.inc
2025-08-28 06:58:34,794 - Knowledge - INFO - worker kw13 pull /app/data/b2c/12661/b1205y8/meta-rdk-12661/conf/distro/include/license_flags_whitelist.inc from ingest queue
2025-08-28 06:58:34,794 - Knowledge - INFO - Thread kw13 - File license_flags_whitelist.inc - Remaining files in queue: 26
2025-08-28 06:58:34,794 - Knowledge - INFO - start ingest for /app/data/b2c/12661/b1205y8/meta-rdk-12661/conf/distro/include/license_flags_whitelist.inc
2025-08-28 06:58:34,817 - Knowledge - INFO - Fast-track processing for simple file: /app/data/b2c/12661/b1205y8/meta-rdk-12661/conf/distro/include/setscene_enforce_ignore_tasks.inc
2025-08-28 06:58:34,817 - Knowledge - INFO - done fast ingest for /app/data/b2c/12661/b1205y8/meta-rdk-12661/conf/distro/include/setscene_enforce_ignore_tasks.inc
2025-08-28 06:58:34,818 - Knowledge - INFO - process ingested knowledge for /app/data/b2c/12661/b1205y8/meta-rdk-12661/conf/distro/include/setscene_enforce_ignore_tasks.inc
2025-08-28 06:58:35,514 - Knowledge - INFO - adding /app/data/b2c/12661/b1205y8/meta-rdk-12661/recipes-extended/webkitbrowser-plugin/include/webkitbrowser_memorylimits.2gb.inc to ingest queue
2025-08-28 06:58:35,517 - Knowledge - INFO - worker kw21 pull /app/data/b2c/12661/b1205y8/meta-rdk-12661/conf/distro/include/libsoup3.inc from ingest queue
2025-08-28 06:58:35,518 - Knowledge - INFO - Thread kw21 - File libsoup3.inc - Remaining files in queue: 26
2025-08-28 06:58:35,518 - Knowledge - INFO - start ingest for /app/data/b2c/12661/b1205y8/meta-rdk-12661/conf/distro/include/libsoup3.inc
2025-08-28 06:58:35,637 - Knowledge - INFO - done ingest for /app/data/b2c/12661/b1205y8/meta-rdk-12661/conf/distro/include/rdkvemu.inc
2025-08-28 06:58:35,640 - Knowledge - INFO - process ingested knowledge for /app/data/b2c/12661/b1205y8/meta-rdk-12661/conf/distro/include/rdkvemu.inc
2025-08-28 06:58:36,022 - Knowledge - INFO - worker kw10 pull /app/data/b2c/12661/b1205y8/meta-rdk-12661/recipes-containers/dobby/dobby.inc from ingest queue
2025-08-28 06:58:36,022 - Knowledge - INFO - Thread kw10 - File dobby.inc - Remaining files in queue: 25
2025-08-28 06:58:36,028 - Knowledge - INFO - start ingest for /app/data/b2c/12661/b1205y8/meta-rdk-12661/recipes-containers/dobby/dobby.inc
2025-08-28 06:58:36,029 - Knowledge - INFO - adding /app/data/b2c/12661/b1205y8/meta-rdk-12661/rename_srcrev.sh to ingest queue
2025-08-28 06:58:36,030 - Knowledge - INFO - worker kw2 pull /app/data/b2c/12661/b1205y8/meta-rdk-12661/conf/distro/include/rdkv.inc from ingest queue
2025-08-28 06:58:36,030 - Knowledge - INFO - Thread kw2 - File rdkv.inc - Remaining files in queue: 25
2025-08-28 06:58:36,031 - Knowledge - INFO - start ingest for /app/data/b2c/12661/b1205y8/meta-rdk-12661/conf/distro/include/rdkv.inc
2025-08-28 06:58:36,037 - Knowledge - INFO - Found code-base-name: https://github.com/kavia-common/meta-rdk-12661.git:kavia-master
2025-08-28 06:58:36,038 - Knowledge - INFO - Found code_base: <app.utils.kg_build.knowledge.KnowledgeCodeBase object at 0x7f7258280fd0>
2025-08-28 06:58:36,038 - Knowledge - INFO - persist ingested knowledge for /app/data/b2c/12661/b1205y8/meta-rdk-12661/conf/distro/include/gstreamer-versions.inc
2025-08-28 06:58:36,047 - Knowledge - INFO - Found code-base-name: https://github.com/kavia-common/meta-rdk-12661.git:kavia-master
2025-08-28 06:58:36,047 - Knowledge - INFO - Found code_base: <app.utils.kg_build.knowledge.KnowledgeCodeBase object at 0x7f7258280fd0>
2025-08-28 06:58:36,047 - Knowledge - INFO - persist ingested knowledge for /app/data/b2c/12661/b1205y8/meta-rdk-12661/conf/distro/include/setscene_enforce_ignore_tasks.inc
2025-08-28 06:58:36,053 - Knowledge - INFO - worker kw24 pull /app/data/b2c/12661/b1205y8/meta-rdk-12661/conf/distro/include/rdk-versions.inc from ingest queue
2025-08-28 06:58:36,053 - Knowledge - INFO - Thread kw24 - File rdk-versions.inc - Remaining files in queue: 24
2025-08-28 06:58:36,053 - Knowledge - INFO - start ingest for /app/data/b2c/12661/b1205y8/meta-rdk-12661/conf/distro/include/rdk-versions.inc
2025-08-28 06:58:36,055 - Knowledge - INFO - Found code-base-name: https://github.com/kavia-common/meta-rdk-12661.git:kavia-master
2025-08-28 06:58:36,055 - Knowledge - INFO - Found code_base: <app.utils.kg_build.knowledge.KnowledgeCodeBase object at 0x7f7258280fd0>
2025-08-28 06:58:36,056 - Knowledge - INFO - persist ingested knowledge for /app/data/b2c/12661/b1205y8/meta-rdk-12661/conf/distro/include/setscene_enforce_whitelist.inc
2025-08-28 06:58:36,102 - Knowledge - INFO - Fast-track processing for simple file: /app/data/b2c/12661/b1205y8/meta-rdk-12661/recipes-containers/dobby/dobby.inc
2025-08-28 06:58:36,102 - Knowledge - INFO - done fast ingest for /app/data/b2c/12661/b1205y8/meta-rdk-12661/recipes-containers/dobby/dobby.inc
2025-08-28 06:58:36,102 - Knowledge - INFO - process ingested knowledge for /app/data/b2c/12661/b1205y8/meta-rdk-12661/recipes-containers/dobby/dobby.inc
2025-08-28 06:58:36,415 - Knowledge - INFO - Found code-base-name: https://github.com/kavia-common/meta-rdk-12661.git:kavia-master
2025-08-28 06:58:36,415 - Knowledge - INFO - Found code_base: <app.utils.kg_build.knowledge.KnowledgeCodeBase object at 0x7f7258280fd0>
2025-08-28 06:58:36,415 - Knowledge - INFO - persist ingested knowledge for /app/data/b2c/12661/b1205y8/meta-rdk-12661/conf/distro/include/rdkvemu.inc
2025-08-28 06:58:36,421 - Knowledge - INFO - worker kw22 pull /app/data/b2c/12661/b1205y8/meta-rdk-12661/conf/distro/include/license_flags_accepted.inc from ingest queue
2025-08-28 06:58:36,421 - Knowledge - INFO - Thread kw22 - File license_flags_accepted.inc - Remaining files in queue: 23
2025-08-28 06:58:36,421 - Knowledge - INFO - start ingest for /app/data/b2c/12661/b1205y8/meta-rdk-12661/conf/distro/include/license_flags_accepted.inc
2025-08-28 06:58:36,425 - Knowledge - INFO - done ingest for /app/data/b2c/12661/b1205y8/meta-rdk-12661/conf/distro/include/qt5-versions.inc
2025-08-28 06:58:36,426 - Knowledge - INFO - process ingested knowledge for /app/data/b2c/12661/b1205y8/meta-rdk-12661/conf/distro/include/qt5-versions.inc
2025-08-28 06:58:37,444 - Knowledge - INFO - worker kw7 pull /app/data/b2c/12661/b1205y8/meta-rdk-12661/conf/distro/include/rdkx.inc from ingest queue
2025-08-28 06:58:37,444 - Knowledge - INFO - Thread kw7 - File rdkx.inc - Remaining files in queue: 22
2025-08-28 06:58:37,445 - Knowledge - INFO - start ingest for /app/data/b2c/12661/b1205y8/meta-rdk-12661/conf/distro/include/rdkx.inc
2025-08-28 06:58:37,446 - Knowledge - INFO - worker kw18 pull /app/data/b2c/12661/b1205y8/meta-rdk-12661/recipes-core/images/rdk-generic-media-common.inc from ingest queue
2025-08-28 06:58:37,446 - Knowledge - INFO - Thread kw18 - File rdk-generic-media-common.inc - Remaining files in queue: 21
2025-08-28 06:58:37,450 - Knowledge - INFO - Found code-base-name: https://github.com/kavia-common/meta-rdk-12661.git:kavia-master
2025-08-28 06:58:37,450 - Knowledge - INFO - Found code_base: <app.utils.kg_build.knowledge.KnowledgeCodeBase object at 0x7f7258280fd0>
2025-08-28 06:58:37,451 - Knowledge - INFO - persist ingested knowledge for /app/data/b2c/12661/b1205y8/meta-rdk-12661/recipes-containers/dobby/dobby.inc
2025-08-28 06:58:37,451 - Knowledge - INFO - start ingest for /app/data/b2c/12661/b1205y8/meta-rdk-12661/recipes-core/images/rdk-generic-media-common.inc
2025-08-28 06:58:37,513 - Knowledge - INFO - Fast-track processing for simple file: /app/data/b2c/12661/b1205y8/meta-rdk-12661/conf/distro/include/rdkx.inc
2025-08-28 06:58:37,514 - Knowledge - INFO - done fast ingest for /app/data/b2c/12661/b1205y8/meta-rdk-12661/conf/distro/include/rdkx.inc
2025-08-28 06:58:37,515 - Knowledge - INFO - process ingested knowledge for /app/data/b2c/12661/b1205y8/meta-rdk-12661/conf/distro/include/rdkx.inc
2025-08-28 06:58:37,946 - Knowledge - INFO - worker kw5 pull /app/data/b2c/12661/b1205y8/meta-rdk-12661/recipes-core/images/rdk-esdk-override.inc from ingest queue
2025-08-28 06:58:37,946 - Knowledge - INFO - Thread kw5 - File rdk-esdk-override.inc - Remaining files in queue: 20
2025-08-28 06:58:37,946 - Knowledge - INFO - start ingest for /app/data/b2c/12661/b1205y8/meta-rdk-12661/recipes-core/images/rdk-esdk-override.inc
2025-08-28 06:58:37,951 - Knowledge - INFO - Found code-base-name: https://github.com/kavia-common/meta-rdk-12661.git:kavia-master
2025-08-28 06:58:37,952 - Knowledge - INFO - Found code_base: <app.utils.kg_build.knowledge.KnowledgeCodeBase object at 0x7f7258280fd0>
2025-08-28 06:58:37,952 - Knowledge - INFO - persist ingested knowledge for /app/data/b2c/12661/b1205y8/meta-rdk-12661/conf/distro/include/qt5-versions.inc
2025-08-28 06:58:38,313 - Knowledge - INFO - worker kw15 pull /app/data/b2c/12661/b1205y8/meta-rdk-12661/recipes-common/safec-common-wrapper/files/safec_lib.h from ingest queue
2025-08-28 06:58:38,314 - Knowledge - INFO - Thread kw15 - File safec_lib.h - Remaining files in queue: 19
2025-08-28 06:58:38,314 - Knowledge - INFO - start ingest for /app/data/b2c/12661/b1205y8/meta-rdk-12661/recipes-common/safec-common-wrapper/files/safec_lib.h
2025-08-28 06:58:38,318 - Knowledge - INFO - worker kw4 pull /app/data/b2c/12661/b1205y8/meta-rdk-12661/recipes-extended/webkitbrowser-plugin/include/webkitbrowser_memorylimits.fhd.inc from ingest queue
2025-08-28 06:58:38,318 - Knowledge - INFO - Thread kw4 - File webkitbrowser_memorylimits.fhd.inc - Remaining files in queue: 18
2025-08-28 06:58:38,318 - Knowledge - INFO - start ingest for /app/data/b2c/12661/b1205y8/meta-rdk-12661/recipes-extended/webkitbrowser-plugin/include/webkitbrowser_memorylimits.fhd.inc
2025-08-28 06:58:38,319 - Knowledge - INFO - worker kw20 pull /app/data/b2c/12661/b1205y8/meta-rdk-12661/recipes-common/sys_mon_tools/sys_mon_tools.inc from ingest queue
2025-08-28 06:58:38,319 - Knowledge - INFO - Thread kw20 - File sys_mon_tools.inc - Remaining files in queue: 17
2025-08-28 06:58:38,319 - Knowledge - INFO - start ingest for /app/data/b2c/12661/b1205y8/meta-rdk-12661/recipes-common/sys_mon_tools/sys_mon_tools.inc
2025-08-28 06:58:38,328 - Knowledge - INFO - Found code-base-name: https://github.com/kavia-common/meta-rdk-12661.git:kavia-master
2025-08-28 06:58:38,328 - Knowledge - INFO - Found code_base: <app.utils.kg_build.knowledge.KnowledgeCodeBase object at 0x7f7258280fd0>
2025-08-28 06:58:38,328 - Knowledge - INFO - persist ingested knowledge for /app/data/b2c/12661/b1205y8/meta-rdk-12661/conf/distro/include/rdkx.inc
2025-08-28 06:58:38,329 - Knowledge - INFO - worker kw19 pull /app/data/b2c/12661/b1205y8/meta-rdk-12661/recipes-common/gtest-apps/gtest-apps/gtest_apps_download.sh from ingest queue
2025-08-28 06:58:38,329 - Knowledge - INFO - Thread kw19 - File gtest_apps_download.sh - Remaining files in queue: 16
2025-08-28 06:58:38,329 - Knowledge - INFO - start ingest for /app/data/b2c/12661/b1205y8/meta-rdk-12661/recipes-common/gtest-apps/gtest-apps/gtest_apps_download.sh
2025-08-28 06:58:38,331 - Knowledge - INFO - done ingest for /app/data/b2c/12661/b1205y8/meta-rdk-12661/conf/distro/include/rdkc.inc
2025-08-28 06:58:38,333 - Knowledge - INFO - process ingested knowledge for /app/data/b2c/12661/b1205y8/meta-rdk-12661/conf/distro/include/rdkc.inc
2025-08-28 06:58:38,341 - Knowledge - INFO - worker kw11 pull /app/data/b2c/12661/b1205y8/meta-rdk-12661/recipes-extended/webkitbrowser-plugin/include/webkitbrowser_properties.inc from ingest queue
2025-08-28 06:58:38,341 - Knowledge - INFO - Thread kw11 - File webkitbrowser_properties.inc - Remaining files in queue: 15
2025-08-28 06:58:38,341 - Knowledge - INFO - start ingest for /app/data/b2c/12661/b1205y8/meta-rdk-12661/recipes-extended/webkitbrowser-plugin/include/webkitbrowser_properties.inc
2025-08-28 06:58:38,342 - Knowledge - INFO - worker kw9 pull /app/data/b2c/12661/b1205y8/meta-rdk-12661/recipes-common/debug-tools/files/debug-tools_download.sh from ingest queue
2025-08-28 06:58:38,342 - Knowledge - INFO - Thread kw9 - File debug-tools_download.sh - Remaining files in queue: 14
2025-08-28 06:58:38,342 - Knowledge - INFO - start ingest for /app/data/b2c/12661/b1205y8/meta-rdk-12661/recipes-common/debug-tools/files/debug-tools_download.sh
2025-08-28 06:58:38,349 - Knowledge - INFO - Fast-track processing for simple file: /app/data/b2c/12661/b1205y8/meta-rdk-12661/recipes-common/sys_mon_tools/sys_mon_tools.inc
2025-08-28 06:58:38,350 - Knowledge - INFO - done fast ingest for /app/data/b2c/12661/b1205y8/meta-rdk-12661/recipes-common/sys_mon_tools/sys_mon_tools.inc
2025-08-28 06:58:38,350 - Knowledge - INFO - process ingested knowledge for /app/data/b2c/12661/b1205y8/meta-rdk-12661/recipes-common/sys_mon_tools/sys_mon_tools.inc
2025-08-28 06:58:38,353 - Knowledge - INFO - Fast-track processing for simple file: /app/data/b2c/12661/b1205y8/meta-rdk-12661/recipes-extended/webkitbrowser-plugin/include/webkitbrowser_memorylimits.fhd.inc
2025-08-28 06:58:38,353 - Knowledge - INFO - done fast ingest for /app/data/b2c/12661/b1205y8/meta-rdk-12661/recipes-extended/webkitbrowser-plugin/include/webkitbrowser_memorylimits.fhd.inc
2025-08-28 06:58:38,354 - Knowledge - INFO - process ingested knowledge for /app/data/b2c/12661/b1205y8/meta-rdk-12661/recipes-extended/webkitbrowser-plugin/include/webkitbrowser_memorylimits.fhd.inc
2025-08-28 06:58:38,747 - Knowledge - INFO - Found code-base-name: https://github.com/kavia-common/meta-rdk-12661.git:kavia-master
2025-08-28 06:58:38,747 - Knowledge - INFO - Found code_base: <app.utils.kg_build.knowledge.KnowledgeCodeBase object at 0x7f7258280fd0>
2025-08-28 06:58:38,747 - Knowledge - INFO - persist ingested knowledge for /app/data/b2c/12661/b1205y8/meta-rdk-12661/conf/distro/include/rdkc.inc
2025-08-28 06:58:39,016 - Knowledge - INFO - Found code-base-name: https://github.com/kavia-common/meta-rdk-12661.git:kavia-master
2025-08-28 06:58:39,016 - Knowledge - INFO - Found code_base: <app.utils.kg_build.knowledge.KnowledgeCodeBase object at 0x7f7258280fd0>
2025-08-28 06:58:39,017 - Knowledge - INFO - persist ingested knowledge for /app/data/b2c/12661/b1205y8/meta-rdk-12661/recipes-common/sys_mon_tools/sys_mon_tools.inc
2025-08-28 06:58:39,029 - Knowledge - INFO - Found code-base-name: https://github.com/kavia-common/meta-rdk-12661.git:kavia-master
2025-08-28 06:58:39,029 - Knowledge - INFO - Found code_base: <app.utils.kg_build.knowledge.KnowledgeCodeBase object at 0x7f7258280fd0>
2025-08-28 06:58:39,030 - Knowledge - INFO - persist ingested knowledge for /app/data/b2c/12661/b1205y8/meta-rdk-12661/recipes-extended/webkitbrowser-plugin/include/webkitbrowser_memorylimits.fhd.inc
2025-08-28 06:58:39,031 - Knowledge - INFO - worker kw7 pull /app/data/b2c/12661/b1205y8/meta-rdk-12661/recipes-support/network-zero-conf/files/board_access.sh from ingest queue
2025-08-28 06:58:39,031 - Knowledge - INFO - Thread kw7 - File board_access.sh - Remaining files in queue: 13
2025-08-28 06:58:39,032 - Knowledge - INFO - start ingest for /app/data/b2c/12661/b1205y8/meta-rdk-12661/recipes-support/network-zero-conf/files/board_access.sh
2025-08-28 06:58:39,340 - Knowledge - INFO - worker kw10 pull /app/data/b2c/12661/b1205y8/meta-rdk-12661/recipes-extended/webkitbrowser-plugin/include/webkitbrowser_memorylimits.uhd.inc from ingest queue
2025-08-28 06:58:39,340 - Knowledge - INFO - Thread kw10 - File webkitbrowser_memorylimits.uhd.inc - Remaining files in queue: 12
2025-08-28 06:58:39,341 - Knowledge - INFO - start ingest for /app/data/b2c/12661/b1205y8/meta-rdk-12661/recipes-extended/webkitbrowser-plugin/include/webkitbrowser_memorylimits.uhd.inc
2025-08-28 06:58:39,365 - Knowledge - INFO - Fast-track processing for simple file: /app/data/b2c/12661/b1205y8/meta-rdk-12661/recipes-extended/webkitbrowser-plugin/include/webkitbrowser_memorylimits.uhd.inc
2025-08-28 06:58:39,365 - Knowledge - INFO - done fast ingest for /app/data/b2c/12661/b1205y8/meta-rdk-12661/recipes-extended/webkitbrowser-plugin/include/webkitbrowser_memorylimits.uhd.inc
2025-08-28 06:58:39,367 - Knowledge - INFO - process ingested knowledge for /app/data/b2c/12661/b1205y8/meta-rdk-12661/recipes-extended/webkitbrowser-plugin/include/webkitbrowser_memorylimits.uhd.inc
2025-08-28 06:58:39,650 - Knowledge - INFO - worker kw25 pull /app/data/b2c/12661/b1205y8/meta-rdk-12661/recipes-extended/webkitbrowser-plugin/include/webkitbrowser_memorylimits.default.inc from ingest queue
2025-08-28 06:58:39,650 - Knowledge - INFO - Thread kw25 - File webkitbrowser_memorylimits.default.inc - Remaining files in queue: 11
2025-08-28 06:58:39,650 - Knowledge - INFO - start ingest for /app/data/b2c/12661/b1205y8/meta-rdk-12661/recipes-extended/webkitbrowser-plugin/include/webkitbrowser_memorylimits.default.inc
2025-08-28 06:58:39,650 - Knowledge - INFO - worker kw3 pull /app/data/b2c/12661/b1205y8/meta-rdk-12661/recipes-benchmark/stress-ng/files/openssl-ptest-stress.sh from ingest queue
2025-08-28 06:58:39,651 - Knowledge - INFO - Thread kw3 - File openssl-ptest-stress.sh - Remaining files in queue: 10
2025-08-28 06:58:39,651 - Knowledge - INFO - start ingest for /app/data/b2c/12661/b1205y8/meta-rdk-12661/recipes-benchmark/stress-ng/files/openssl-ptest-stress.sh
2025-08-28 06:58:39,654 - Knowledge - INFO - Found code-base-name: https://github.com/kavia-common/meta-rdk-12661.git:kavia-master
2025-08-28 06:58:39,654 - Knowledge - INFO - Found code_base: <app.utils.kg_build.knowledge.KnowledgeCodeBase object at 0x7f7258280fd0>
2025-08-28 06:58:39,654 - Knowledge - INFO - persist ingested knowledge for /app/data/b2c/12661/b1205y8/meta-rdk-12661/recipes-extended/webkitbrowser-plugin/include/webkitbrowser_memorylimits.uhd.inc
2025-08-28 06:58:39,694 - Knowledge - INFO - Fast-track processing for simple file: /app/data/b2c/12661/b1205y8/meta-rdk-12661/recipes-extended/webkitbrowser-plugin/include/webkitbrowser_memorylimits.default.inc
2025-08-28 06:58:39,694 - Knowledge - INFO - done fast ingest for /app/data/b2c/12661/b1205y8/meta-rdk-12661/recipes-extended/webkitbrowser-plugin/include/webkitbrowser_memorylimits.default.inc
2025-08-28 06:58:39,695 - Knowledge - INFO - process ingested knowledge for /app/data/b2c/12661/b1205y8/meta-rdk-12661/recipes-extended/webkitbrowser-plugin/include/webkitbrowser_memorylimits.default.inc
2025-08-28 06:58:39,952 - Knowledge - INFO - worker kw20 pull /app/data/b2c/12661/b1205y8/meta-rdk-12661/recipes-benchmark/stress-ng/files/rdk_oss_uploadSTBLogs.sh from ingest queue
2025-08-28 06:58:39,953 - Knowledge - INFO - Thread kw20 - File rdk_oss_uploadSTBLogs.sh - Remaining files in queue: 9
2025-08-28 06:58:39,953 - Knowledge - INFO - start ingest for /app/data/b2c/12661/b1205y8/meta-rdk-12661/recipes-benchmark/stress-ng/files/rdk_oss_uploadSTBLogs.sh
2025-08-28 06:58:40,236 - Knowledge - INFO - Found code-base-name: https://github.com/kavia-common/meta-rdk-12661.git:kavia-master
2025-08-28 06:58:40,237 - Knowledge - INFO - Found code_base: <app.utils.kg_build.knowledge.KnowledgeCodeBase object at 0x7f7258280fd0>
2025-08-28 06:58:40,237 - Knowledge - INFO - persist ingested knowledge for /app/data/b2c/12661/b1205y8/meta-rdk-12661/recipes-extended/webkitbrowser-plugin/include/webkitbrowser_memorylimits.default.inc
2025-08-28 06:58:40,238 - Knowledge - INFO - worker kw4 pull /app/data/b2c/12661/b1205y8/meta-rdk-12661/CONTRIBUTING.md from ingest queue
2025-08-28 06:58:40,238 - Knowledge - INFO - Thread kw4 - File CONTRIBUTING.md - Remaining files in queue: 8
2025-08-28 06:58:40,238 - Knowledge - INFO - start ingest for /app/data/b2c/12661/b1205y8/meta-rdk-12661/CONTRIBUTING.md
2025-08-28 06:58:40,254 - Knowledge - INFO - worker kw10 pull /app/data/b2c/12661/b1205y8/meta-rdk-12661/recipes-support/network-zero-conf/files/default-time-setter.sh from ingest queue
2025-08-28 06:58:40,255 - Knowledge - INFO - Thread kw10 - File default-time-setter.sh - Remaining files in queue: 7
2025-08-28 06:58:40,255 - Knowledge - INFO - start ingest for /app/data/b2c/12661/b1205y8/meta-rdk-12661/recipes-support/network-zero-conf/files/default-time-setter.sh
2025-08-28 06:58:40,293 - Knowledge - INFO - Fast-track processing for simple file: /app/data/b2c/12661/b1205y8/meta-rdk-12661/recipes-support/network-zero-conf/files/default-time-setter.sh
2025-08-28 06:58:40,294 - Knowledge - INFO - done fast ingest for /app/data/b2c/12661/b1205y8/meta-rdk-12661/recipes-support/network-zero-conf/files/default-time-setter.sh
2025-08-28 06:58:40,302 - Knowledge - INFO - process ingested knowledge for /app/data/b2c/12661/b1205y8/meta-rdk-12661/recipes-support/network-zero-conf/files/default-time-setter.sh
2025-08-28 06:58:40,335 - Knowledge - INFO - Fast-track processing for simple file: /app/data/b2c/12661/b1205y8/meta-rdk-12661/CONTRIBUTING.md
2025-08-28 06:58:40,335 - Knowledge - INFO - done fast ingest for /app/data/b2c/12661/b1205y8/meta-rdk-12661/CONTRIBUTING.md
2025-08-28 06:58:40,361 - Knowledge - INFO - process ingested knowledge for /app/data/b2c/12661/b1205y8/meta-rdk-12661/CONTRIBUTING.md
2025-08-28 06:58:40,648 - Knowledge - INFO - Found code-base-name: https://github.com/kavia-common/meta-rdk-12661.git:kavia-master
2025-08-28 06:58:40,648 - Knowledge - INFO - Found code_base: <app.utils.kg_build.knowledge.KnowledgeCodeBase object at 0x7f7258280fd0>
2025-08-28 06:58:40,649 - Knowledge - INFO - persist ingested knowledge for /app/data/b2c/12661/b1205y8/meta-rdk-12661/recipes-support/network-zero-conf/files/default-time-setter.sh
2025-08-28 06:58:40,653 - Knowledge - INFO - worker kw25 pull /app/data/b2c/12661/b1205y8/meta-rdk-12661/recipes-core/images/sdk-common.inc from ingest queue
2025-08-28 06:58:40,653 - Knowledge - INFO - Thread kw25 - File sdk-common.inc - Remaining files in queue: 6
2025-08-28 06:58:40,657 - Knowledge - INFO - start ingest for /app/data/b2c/12661/b1205y8/meta-rdk-12661/recipes-core/images/sdk-common.inc
2025-08-28 06:58:40,662 - Knowledge - INFO - Found code-base-name: https://github.com/kavia-common/meta-rdk-12661.git:kavia-master
2025-08-28 06:58:40,662 - Knowledge - INFO - Found code_base: <app.utils.kg_build.knowledge.KnowledgeCodeBase object at 0x7f7258280fd0>
2025-08-28 06:58:40,662 - Knowledge - INFO - persist ingested knowledge for /app/data/b2c/12661/b1205y8/meta-rdk-12661/CONTRIBUTING.md
2025-08-28 06:58:40,937 - Knowledge - INFO - worker kw10 pull /app/data/b2c/12661/b1205y8/meta-rdk-12661/recipes-benchmark/stress-ng/files/openssl-ptest-perf_stats.sh from ingest queue
2025-08-28 06:58:40,937 - Knowledge - INFO - Thread kw10 - File openssl-ptest-perf_stats.sh - Remaining files in queue: 5
2025-08-28 06:58:40,937 - Knowledge - INFO - start ingest for /app/data/b2c/12661/b1205y8/meta-rdk-12661/recipes-benchmark/stress-ng/files/openssl-ptest-perf_stats.sh
2025-08-28 06:58:41,041 - Knowledge - INFO - done ingest for /app/data/b2c/12661/b1205y8/meta-rdk-12661/conf/distro/include/libsoup2.inc
2025-08-28 06:58:41,041 - Knowledge - INFO - process ingested knowledge for /app/data/b2c/12661/b1205y8/meta-rdk-12661/conf/distro/include/libsoup2.inc
2025-08-28 06:58:41,240 - Knowledge - INFO - done ingest for /app/data/b2c/12661/b1205y8/meta-rdk-12661/conf/distro/include/rdk_backtrace_log.inc
2025-08-28 06:58:41,244 - Knowledge - INFO - process ingested knowledge for /app/data/b2c/12661/b1205y8/meta-rdk-12661/conf/distro/include/rdk_backtrace_log.inc
2025-08-28 06:58:41,293 - Knowledge - INFO - Found code-base-name: https://github.com/kavia-common/meta-rdk-12661.git:kavia-master
2025-08-28 06:58:41,294 - Knowledge - INFO - Found code_base: <app.utils.kg_build.knowledge.KnowledgeCodeBase object at 0x7f7258280fd0>
2025-08-28 06:58:41,294 - Knowledge - INFO - persist ingested knowledge for /app/data/b2c/12661/b1205y8/meta-rdk-12661/conf/distro/include/libsoup2.inc
2025-08-28 06:58:41,295 - Knowledge - INFO - worker kw4 pull /app/data/b2c/12661/b1205y8/meta-rdk-12661/recipes-benchmark/stress-ng/files/capture-proc-metrics.sh from ingest queue
2025-08-28 06:58:41,295 - Knowledge - INFO - Thread kw4 - File capture-proc-metrics.sh - Remaining files in queue: 4
2025-08-28 06:58:41,295 - Knowledge - INFO - start ingest for /app/data/b2c/12661/b1205y8/meta-rdk-12661/recipes-benchmark/stress-ng/files/capture-proc-metrics.sh
2025-08-28 06:58:41,303 - Knowledge - INFO - Found code-base-name: https://github.com/kavia-common/meta-rdk-12661.git:kavia-master
2025-08-28 06:58:41,304 - Knowledge - INFO - Found code_base: <app.utils.kg_build.knowledge.KnowledgeCodeBase object at 0x7f7258280fd0>
2025-08-28 06:58:41,304 - Knowledge - INFO - persist ingested knowledge for /app/data/b2c/12661/b1205y8/meta-rdk-12661/conf/distro/include/rdk_backtrace_log.inc
2025-08-28 06:58:41,964 - Knowledge - INFO - worker kw8 pull /app/data/b2c/12661/b1205y8/meta-rdk-12661/recipes-benchmark/stress-ng/files/stress-ng-tests.sh from ingest queue
2025-08-28 06:58:41,965 - Knowledge - INFO - Thread kw8 - File stress-ng-tests.sh - Remaining files in queue: 3
2025-08-28 06:58:41,965 - Knowledge - INFO - start ingest for /app/data/b2c/12661/b1205y8/meta-rdk-12661/recipes-benchmark/stress-ng/files/stress-ng-tests.sh
2025-08-28 06:58:41,981 - Knowledge - INFO - worker kw6 pull /app/data/b2c/12661/b1205y8/meta-rdk-12661/recipes-extended/webkitbrowser-plugin/files/clearWebkitBrowserCache.sh from ingest queue
2025-08-28 06:58:41,982 - Knowledge - INFO - Thread kw6 - File clearWebkitBrowserCache.sh - Remaining files in queue: 2
2025-08-28 06:58:41,982 - Knowledge - INFO - start ingest for /app/data/b2c/12661/b1205y8/meta-rdk-12661/recipes-extended/webkitbrowser-plugin/files/clearWebkitBrowserCache.sh
2025-08-28 06:58:42,242 - Knowledge - INFO - done ingest for /app/data/b2c/12661/b1205y8/meta-rdk-12661/conf/distro/include/rdkb_backtrace_log.inc
2025-08-28 06:58:42,242 - Knowledge - INFO - process ingested knowledge for /app/data/b2c/12661/b1205y8/meta-rdk-12661/conf/distro/include/rdkb_backtrace_log.inc
2025-08-28 06:58:42,242 - Knowledge - INFO - Found code-base-name: https://github.com/kavia-common/meta-rdk-12661.git:kavia-master
2025-08-28 06:58:42,243 - Knowledge - INFO - Found code_base: <app.utils.kg_build.knowledge.KnowledgeCodeBase object at 0x7f7258280fd0>
2025-08-28 06:58:42,243 - Knowledge - INFO - persist ingested knowledge for /app/data/b2c/12661/b1205y8/meta-rdk-12661/conf/distro/include/rdkb_backtrace_log.inc
2025-08-28 06:58:42,552 - Knowledge - INFO - worker kw12 pull /app/data/b2c/12661/b1205y8/meta-rdk-12661/recipes-extended/webkitbrowser-plugin/include/webkitbrowser_memorylimits.2gb.inc from ingest queue
2025-08-28 06:58:42,552 - Knowledge - INFO - Thread kw12 - File webkitbrowser_memorylimits.2gb.inc - Remaining files in queue: 1
2025-08-28 06:58:42,552 - Knowledge - INFO - start ingest for /app/data/b2c/12661/b1205y8/meta-rdk-12661/recipes-extended/webkitbrowser-plugin/include/webkitbrowser_memorylimits.2gb.inc
2025-08-28 06:58:42,604 - Knowledge - INFO - Fast-track processing for simple file: /app/data/b2c/12661/b1205y8/meta-rdk-12661/recipes-extended/webkitbrowser-plugin/include/webkitbrowser_memorylimits.2gb.inc
2025-08-28 06:58:42,605 - Knowledge - INFO - done fast ingest for /app/data/b2c/12661/b1205y8/meta-rdk-12661/recipes-extended/webkitbrowser-plugin/include/webkitbrowser_memorylimits.2gb.inc
2025-08-28 06:58:42,605 - Knowledge - INFO - process ingested knowledge for /app/data/b2c/12661/b1205y8/meta-rdk-12661/recipes-extended/webkitbrowser-plugin/include/webkitbrowser_memorylimits.2gb.inc
2025-08-28 06:58:42,605 - Knowledge - INFO - Found code-base-name: https://github.com/kavia-common/meta-rdk-12661.git:kavia-master
2025-08-28 06:58:42,605 - Knowledge - INFO - Found code_base: <app.utils.kg_build.knowledge.KnowledgeCodeBase object at 0x7f7258280fd0>
2025-08-28 06:58:42,605 - Knowledge - INFO - persist ingested knowledge for /app/data/b2c/12661/b1205y8/meta-rdk-12661/recipes-extended/webkitbrowser-plugin/include/webkitbrowser_memorylimits.2gb.inc
2025-08-28 06:58:42,661 - Knowledge - INFO - done ingest for /app/data/b2c/12661/b1205y8/meta-rdk-12661/conf/distro/include/license_flags_whitelist.inc
2025-08-28 06:58:42,661 - Knowledge - INFO - process ingested knowledge for /app/data/b2c/12661/b1205y8/meta-rdk-12661/conf/distro/include/license_flags_whitelist.inc
2025-08-28 06:58:42,841 - Knowledge - INFO - Found code-base-name: https://github.com/kavia-common/meta-rdk-12661.git:kavia-master
2025-08-28 06:58:42,841 - Knowledge - INFO - Found code_base: <app.utils.kg_build.knowledge.KnowledgeCodeBase object at 0x7f7258280fd0>
2025-08-28 06:58:42,841 - Knowledge - INFO - persist ingested knowledge for /app/data/b2c/12661/b1205y8/meta-rdk-12661/conf/distro/include/license_flags_whitelist.inc
2025-08-28 06:58:42,842 - Knowledge - INFO - worker kw12 pull /app/data/b2c/12661/b1205y8/meta-rdk-12661/rename_srcrev.sh from ingest queue
2025-08-28 06:58:42,842 - Knowledge - INFO - Thread kw12 - File rename_srcrev.sh - Remaining files in queue: 0
2025-08-28 06:58:42,843 - Knowledge - INFO - start ingest for /app/data/b2c/12661/b1205y8/meta-rdk-12661/rename_srcrev.sh
2025-08-28 06:58:43,465 - Knowledge - INFO - done ingest for /app/data/b2c/12661/b1205y8/meta-rdk-12661/conf/distro/include/libsoup3.inc
2025-08-28 06:58:43,466 - Knowledge - INFO - process ingested knowledge for /app/data/b2c/12661/b1205y8/meta-rdk-12661/conf/distro/include/libsoup3.inc
2025-08-28 06:58:43,466 - Knowledge - INFO - Found code-base-name: https://github.com/kavia-common/meta-rdk-12661.git:kavia-master
2025-08-28 06:58:43,466 - Knowledge - INFO - Found code_base: <app.utils.kg_build.knowledge.KnowledgeCodeBase object at 0x7f7258280fd0>
2025-08-28 06:58:43,466 - Knowledge - INFO - persist ingested knowledge for /app/data/b2c/12661/b1205y8/meta-rdk-12661/conf/distro/include/libsoup3.inc
2025-08-28 06:58:44,397 - Knowledge - INFO - done ingest for /app/data/b2c/12661/b1205y8/meta-rdk-12661/conf/distro/include/rdk-versions.inc
2025-08-28 06:58:44,398 - Knowledge - INFO - process ingested knowledge for /app/data/b2c/12661/b1205y8/meta-rdk-12661/conf/distro/include/rdk-versions.inc
2025-08-28 06:58:44,406 - Knowledge - INFO - Found code-base-name: https://github.com/kavia-common/meta-rdk-12661.git:kavia-master
2025-08-28 06:58:44,407 - Knowledge - INFO - Found code_base: <app.utils.kg_build.knowledge.KnowledgeCodeBase object at 0x7f7258280fd0>
2025-08-28 06:58:44,407 - Knowledge - INFO - persist ingested knowledge for /app/data/b2c/12661/b1205y8/meta-rdk-12661/conf/distro/include/rdk-versions.inc
2025-08-28 06:58:44,494 - Knowledge - INFO - done ingest for /app/data/b2c/12661/b1205y8/meta-rdk-12661/conf/distro/include/license_flags_accepted.inc
2025-08-28 06:58:44,494 - Knowledge - INFO - process ingested knowledge for /app/data/b2c/12661/b1205y8/meta-rdk-12661/conf/distro/include/license_flags_accepted.inc
2025-08-28 06:58:44,793 - Knowledge - INFO - Found code-base-name: https://github.com/kavia-common/meta-rdk-12661.git:kavia-master
2025-08-28 06:58:44,793 - Knowledge - INFO - Found code_base: <app.utils.kg_build.knowledge.KnowledgeCodeBase object at 0x7f7258280fd0>
2025-08-28 06:58:44,793 - Knowledge - INFO - persist ingested knowledge for /app/data/b2c/12661/b1205y8/meta-rdk-12661/conf/distro/include/license_flags_accepted.inc
2025-08-28 06:58:45,909 - Knowledge - INFO - done ingest for /app/data/b2c/12661/b1205y8/meta-rdk-12661/recipes-test/hello/files/run-hello-app.sh
2025-08-28 06:58:45,909 - Knowledge - INFO - process ingested knowledge for /app/data/b2c/12661/b1205y8/meta-rdk-12661/recipes-test/hello/files/run-hello-app.sh
2025-08-28 06:58:45,939 - Knowledge - INFO - Found code-base-name: https://github.com/kavia-common/meta-rdk-12661.git:kavia-master
2025-08-28 06:58:45,939 - Knowledge - INFO - Found code_base: <app.utils.kg_build.knowledge.KnowledgeCodeBase object at 0x7f7258280fd0>
2025-08-28 06:58:45,939 - Knowledge - INFO - persist ingested knowledge for /app/data/b2c/12661/b1205y8/meta-rdk-12661/recipes-test/hello/files/run-hello-app.sh
2025-08-28 06:58:46,313 - Knowledge - INFO - done ingest for /app/data/b2c/12661/b1205y8/meta-rdk-12661/recipes-core/images/rdk-generic-media-common.inc
2025-08-28 06:58:46,313 - Knowledge - INFO - process ingested knowledge for /app/data/b2c/12661/b1205y8/meta-rdk-12661/recipes-core/images/rdk-generic-media-common.inc
2025-08-28 06:58:47,201 - Knowledge - INFO - persist search terms embedding for recipes-test/hello/files/run-hello-app.sh
2025-08-28 06:58:47,211 - Knowledge - INFO - Found code-base-name: https://github.com/kavia-common/meta-rdk-12661.git:kavia-master
2025-08-28 06:58:47,212 - Knowledge - INFO - Found code_base: <app.utils.kg_build.knowledge.KnowledgeCodeBase object at 0x7f7258280fd0>
2025-08-28 06:58:47,212 - Knowledge - INFO - persist ingested knowledge for /app/data/b2c/12661/b1205y8/meta-rdk-12661/recipes-core/images/rdk-generic-media-common.inc
2025-08-28 06:58:49,829 - Knowledge - INFO - done ingest for /app/data/b2c/12661/b1205y8/meta-rdk-12661/conf/distro/include/rdkb.inc
2025-08-28 06:58:49,830 - Knowledge - INFO - process ingested knowledge for /app/data/b2c/12661/b1205y8/meta-rdk-12661/conf/distro/include/rdkb.inc
2025-08-28 06:58:49,845 - Knowledge - INFO - Found code-base-name: https://github.com/kavia-common/meta-rdk-12661.git:kavia-master
2025-08-28 06:58:49,845 - Knowledge - INFO - Found code_base: <app.utils.kg_build.knowledge.KnowledgeCodeBase object at 0x7f7258280fd0>
2025-08-28 06:58:49,845 - Knowledge - INFO - persist ingested knowledge for /app/data/b2c/12661/b1205y8/meta-rdk-12661/conf/distro/include/rdkb.inc
2025-08-28 06:58:50,134 - Knowledge - INFO - done ingest for /app/data/b2c/12661/b1205y8/meta-rdk-12661/recipes-extended/webkitbrowser-plugin/files/clearWebkitBrowserCache.sh
2025-08-28 06:58:50,135 - Knowledge - INFO - process ingested knowledge for /app/data/b2c/12661/b1205y8/meta-rdk-12661/recipes-extended/webkitbrowser-plugin/files/clearWebkitBrowserCache.sh
2025-08-28 06:58:50,730 - Knowledge - INFO - persist search terms embedding for conf/distro/include/rdkb.inc
2025-08-28 06:58:50,796 - Knowledge - INFO - Found code-base-name: https://github.com/kavia-common/meta-rdk-12661.git:kavia-master
2025-08-28 06:58:50,797 - Knowledge - INFO - Found code_base: <app.utils.kg_build.knowledge.KnowledgeCodeBase object at 0x7f7258280fd0>
2025-08-28 06:58:50,797 - Knowledge - INFO - persist ingested knowledge for /app/data/b2c/12661/b1205y8/meta-rdk-12661/recipes-extended/webkitbrowser-plugin/files/clearWebkitBrowserCache.sh
2025-08-28 06:59:03,957 - Knowledge - INFO - done ingest for /app/data/b2c/12661/b1205y8/meta-rdk-12661/recipes-support/network-zero-conf/files/board_access.sh
2025-08-28 06:59:03,957 - Knowledge - INFO - process ingested knowledge for /app/data/b2c/12661/b1205y8/meta-rdk-12661/recipes-support/network-zero-conf/files/board_access.sh
2025-08-28 06:59:03,976 - Knowledge - INFO - Found code-base-name: https://github.com/kavia-common/meta-rdk-12661.git:kavia-master
2025-08-28 06:59:03,976 - Knowledge - INFO - Found code_base: <app.utils.kg_build.knowledge.KnowledgeCodeBase object at 0x7f7258280fd0>
2025-08-28 06:59:03,976 - Knowledge - INFO - persist ingested knowledge for /app/data/b2c/12661/b1205y8/meta-rdk-12661/recipes-support/network-zero-conf/files/board_access.sh
2025-08-28 06:59:04,832 - Knowledge - INFO - persist search terms embedding for recipes-support/network-zero-conf/files/board_access.sh
2025-08-28 06:59:06,061 - Knowledge - INFO - done ingest for /app/data/b2c/12661/b1205y8/meta-rdk-12661/recipes-test/leakcheck-msg/files/utility.c
2025-08-28 06:59:06,194 - Knowledge - INFO - process ingested knowledge for /app/data/b2c/12661/b1205y8/meta-rdk-12661/recipes-test/leakcheck-msg/files/utility.c
2025-08-28 06:59:06,364 - Knowledge - INFO - Found code-base-name: https://github.com/kavia-common/meta-rdk-12661.git:kavia-master
2025-08-28 06:59:06,364 - Knowledge - INFO - Found code_base: <app.utils.kg_build.knowledge.KnowledgeCodeBase object at 0x7f7258280fd0>
2025-08-28 06:59:06,364 - Knowledge - INFO - persist ingested knowledge for /app/data/b2c/12661/b1205y8/meta-rdk-12661/recipes-test/leakcheck-msg/files/utility.c
2025-08-28 06:59:07,298 - Knowledge - INFO - persist search terms embedding for recipes-test/leakcheck-msg/files/utility.c
2025-08-28 06:59:09,135 - Knowledge - INFO - done ingest for /app/data/b2c/12661/b1205y8/meta-rdk-12661/recipes-benchmark/stress-ng/files/openssl-ptest-perf_stats.sh
2025-08-28 06:59:09,136 - Knowledge - INFO - process ingested knowledge for /app/data/b2c/12661/b1205y8/meta-rdk-12661/recipes-benchmark/stress-ng/files/openssl-ptest-perf_stats.sh
2025-08-28 06:59:09,158 - Knowledge - INFO - Found code-base-name: https://github.com/kavia-common/meta-rdk-12661.git:kavia-master
2025-08-28 06:59:09,159 - Knowledge - INFO - Found code_base: <app.utils.kg_build.knowledge.KnowledgeCodeBase object at 0x7f7258280fd0>
2025-08-28 06:59:09,159 - Knowledge - INFO - persist ingested knowledge for /app/data/b2c/12661/b1205y8/meta-rdk-12661/recipes-benchmark/stress-ng/files/openssl-ptest-perf_stats.sh
2025-08-28 06:59:09,923 - Knowledge - INFO - persist search terms embedding for recipes-benchmark/stress-ng/files/openssl-ptest-perf_stats.sh
2025-08-28 06:59:13,056 - Knowledge - INFO - done ingest for /app/data/b2c/12661/b1205y8/meta-rdk-12661/recipes-core/images/sdk-common.inc
2025-08-28 06:59:13,057 - Knowledge - INFO - process ingested knowledge for /app/data/b2c/12661/b1205y8/meta-rdk-12661/recipes-core/images/sdk-common.inc
2025-08-28 06:59:13,121 - Knowledge - INFO - Found code-base-name: https://github.com/kavia-common/meta-rdk-12661.git:kavia-master
2025-08-28 06:59:13,122 - Knowledge - INFO - Found code_base: <app.utils.kg_build.knowledge.KnowledgeCodeBase object at 0x7f7258280fd0>
2025-08-28 06:59:13,122 - Knowledge - INFO - persist ingested knowledge for /app/data/b2c/12661/b1205y8/meta-rdk-12661/recipes-core/images/sdk-common.inc
2025-08-28 06:59:13,851 - Knowledge - INFO - persist search terms embedding for recipes-core/images/sdk-common.inc
2025-08-28 06:59:16,427 - Knowledge - INFO - done ingest for /app/data/b2c/12661/b1205y8/meta-rdk-12661/recipes-common/gtest-apps/gtest-apps/gtest_apps_download.sh
2025-08-28 06:59:16,427 - Knowledge - INFO - process ingested knowledge for /app/data/b2c/12661/b1205y8/meta-rdk-12661/recipes-common/gtest-apps/gtest-apps/gtest_apps_download.sh
2025-08-28 06:59:16,528 - Knowledge - INFO - Found code-base-name: https://github.com/kavia-common/meta-rdk-12661.git:kavia-master
2025-08-28 06:59:16,528 - Knowledge - INFO - Found code_base: <app.utils.kg_build.knowledge.KnowledgeCodeBase object at 0x7f7258280fd0>
2025-08-28 06:59:16,528 - Knowledge - INFO - persist ingested knowledge for /app/data/b2c/12661/b1205y8/meta-rdk-12661/recipes-common/gtest-apps/gtest-apps/gtest_apps_download.sh
2025-08-28 06:59:17,011 - Knowledge - INFO - done ingest for /app/data/b2c/12661/b1205y8/meta-rdk-12661/recipes-test/leakcheck-msg/files/msgq_receive.c
2025-08-28 06:59:17,125 - Knowledge - INFO - process ingested knowledge for /app/data/b2c/12661/b1205y8/meta-rdk-12661/recipes-test/leakcheck-msg/files/msgq_receive.c
2025-08-28 06:59:17,298 - Knowledge - INFO - persist search terms embedding for recipes-common/gtest-apps/gtest-apps/gtest_apps_download.sh
2025-08-28 06:59:17,335 - Knowledge - INFO - Found code-base-name: https://github.com/kavia-common/meta-rdk-12661.git:kavia-master
2025-08-28 06:59:17,335 - Knowledge - INFO - Found code_base: <app.utils.kg_build.knowledge.KnowledgeCodeBase object at 0x7f7258280fd0>
2025-08-28 06:59:17,335 - Knowledge - INFO - persist ingested knowledge for /app/data/b2c/12661/b1205y8/meta-rdk-12661/recipes-test/leakcheck-msg/files/msgq_receive.c
2025-08-28 06:59:17,626 - Knowledge - INFO - done ingest for /app/data/b2c/12661/b1205y8/meta-rdk-12661/rename_srcrev.sh
2025-08-28 06:59:17,640 - Knowledge - INFO - process ingested knowledge for /app/data/b2c/12661/b1205y8/meta-rdk-12661/rename_srcrev.sh
2025-08-28 06:59:18,220 - Knowledge - INFO - done ingest for /app/data/b2c/12661/b1205y8/meta-rdk-12661/recipes-benchmark/stress-ng/files/rdk_oss_uploadSTBLogs.sh
2025-08-28 06:59:18,223 - Knowledge - INFO - process ingested knowledge for /app/data/b2c/12661/b1205y8/meta-rdk-12661/recipes-benchmark/stress-ng/files/rdk_oss_uploadSTBLogs.sh
2025-08-28 06:59:18,276 - Knowledge - INFO - persist search terms embedding for recipes-test/leakcheck-msg/files/msgq_receive.c
2025-08-28 06:59:18,316 - Knowledge - INFO - Found code-base-name: https://github.com/kavia-common/meta-rdk-12661.git:kavia-master
2025-08-28 06:59:18,316 - Knowledge - INFO - Found code_base: <app.utils.kg_build.knowledge.KnowledgeCodeBase object at 0x7f7258280fd0>
2025-08-28 06:59:18,316 - Knowledge - INFO - persist ingested knowledge for /app/data/b2c/12661/b1205y8/meta-rdk-12661/rename_srcrev.sh
2025-08-28 06:59:18,357 - Knowledge - INFO - Found code-base-name: https://github.com/kavia-common/meta-rdk-12661.git:kavia-master
2025-08-28 06:59:18,358 - Knowledge - INFO - Found code_base: <app.utils.kg_build.knowledge.KnowledgeCodeBase object at 0x7f7258280fd0>
2025-08-28 06:59:18,358 - Knowledge - INFO - persist ingested knowledge for /app/data/b2c/12661/b1205y8/meta-rdk-12661/recipes-benchmark/stress-ng/files/rdk_oss_uploadSTBLogs.sh
2025-08-28 06:59:19,106 - Knowledge - INFO - persist search terms embedding for rename_srcrev.sh
2025-08-28 06:59:19,161 - Knowledge - INFO - done ingest for /app/data/b2c/12661/b1205y8/meta-rdk-12661/recipes-core/images/rdk-esdk-override.inc
2025-08-28 06:59:19,161 - Knowledge - INFO - process ingested knowledge for /app/data/b2c/12661/b1205y8/meta-rdk-12661/recipes-core/images/rdk-esdk-override.inc
2025-08-28 06:59:19,918 - Knowledge - INFO - persist search terms embedding for recipes-benchmark/stress-ng/files/rdk_oss_uploadSTBLogs.sh
2025-08-28 06:59:19,954 - Knowledge - INFO - Found code-base-name: https://github.com/kavia-common/meta-rdk-12661.git:kavia-master
2025-08-28 06:59:19,955 - Knowledge - INFO - Found code_base: <app.utils.kg_build.knowledge.KnowledgeCodeBase object at 0x7f7258280fd0>
2025-08-28 06:59:19,955 - Knowledge - INFO - persist ingested knowledge for /app/data/b2c/12661/b1205y8/meta-rdk-12661/recipes-core/images/rdk-esdk-override.inc
2025-08-28 06:59:20,746 - Knowledge - INFO - persist search terms embedding for recipes-core/images/rdk-esdk-override.inc
2025-08-28 06:59:22,110 - Knowledge - INFO - done ingest for /app/data/b2c/12661/b1205y8/meta-rdk-12661/recipes-common/debug-tools/files/debug-tools_download.sh
2025-08-28 06:59:22,110 - Knowledge - INFO - process ingested knowledge for /app/data/b2c/12661/b1205y8/meta-rdk-12661/recipes-common/debug-tools/files/debug-tools_download.sh
2025-08-28 06:59:22,139 - Knowledge - INFO - Found code-base-name: https://github.com/kavia-common/meta-rdk-12661.git:kavia-master
2025-08-28 06:59:22,139 - Knowledge - INFO - Found code_base: <app.utils.kg_build.knowledge.KnowledgeCodeBase object at 0x7f7258280fd0>
2025-08-28 06:59:22,139 - Knowledge - INFO - persist ingested knowledge for /app/data/b2c/12661/b1205y8/meta-rdk-12661/recipes-common/debug-tools/files/debug-tools_download.sh
2025-08-28 06:59:23,033 - Knowledge - INFO - persist search terms embedding for recipes-common/debug-tools/files/debug-tools_download.sh
2025-08-28 06:59:23,131 - Knowledge - INFO - done ingest for /app/data/b2c/12661/b1205y8/meta-rdk-12661/recipes-common/safec-common-wrapper/files/safec_lib.h
2025-08-28 06:59:23,228 - Knowledge - INFO - process ingested knowledge for /app/data/b2c/12661/b1205y8/meta-rdk-12661/recipes-common/safec-common-wrapper/files/safec_lib.h
2025-08-28 06:59:23,399 - Knowledge - INFO - Found code-base-name: https://github.com/kavia-common/meta-rdk-12661.git:kavia-master
2025-08-28 06:59:23,399 - Knowledge - INFO - Found code_base: <app.utils.kg_build.knowledge.KnowledgeCodeBase object at 0x7f7258280fd0>
2025-08-28 06:59:23,399 - Knowledge - INFO - persist ingested knowledge for /app/data/b2c/12661/b1205y8/meta-rdk-12661/recipes-common/safec-common-wrapper/files/safec_lib.h
2025-08-28 06:59:24,243 - Knowledge - INFO - persist search terms embedding for recipes-common/safec-common-wrapper/files/safec_lib.h
2025-08-28 06:59:31,220 - Knowledge - INFO - done ingest for /app/data/b2c/12661/b1205y8/meta-rdk-12661/recipes-extended/webkitbrowser-plugin/include/webkitbrowser_properties.inc
2025-08-28 06:59:31,221 - Knowledge - INFO - process ingested knowledge for /app/data/b2c/12661/b1205y8/meta-rdk-12661/recipes-extended/webkitbrowser-plugin/include/webkitbrowser_properties.inc
2025-08-28 06:59:31,331 - Knowledge - INFO - Found code-base-name: https://github.com/kavia-common/meta-rdk-12661.git:kavia-master
2025-08-28 06:59:31,331 - Knowledge - INFO - Found code_base: <app.utils.kg_build.knowledge.KnowledgeCodeBase object at 0x7f7258280fd0>
2025-08-28 06:59:31,331 - Knowledge - INFO - persist ingested knowledge for /app/data/b2c/12661/b1205y8/meta-rdk-12661/recipes-extended/webkitbrowser-plugin/include/webkitbrowser_properties.inc
2025-08-28 06:59:32,122 - Knowledge - INFO - persist search terms embedding for recipes-extended/webkitbrowser-plugin/include/webkitbrowser_properties.inc
2025-08-28 06:59:34,266 - Knowledge - INFO - done ingest for /app/data/b2c/12661/b1205y8/meta-rdk-12661/recipes-benchmark/stress-ng/files/capture-proc-metrics.sh
2025-08-28 06:59:34,267 - Knowledge - INFO - process ingested knowledge for /app/data/b2c/12661/b1205y8/meta-rdk-12661/recipes-benchmark/stress-ng/files/capture-proc-metrics.sh
2025-08-28 06:59:34,299 - Knowledge - INFO - Found code-base-name: https://github.com/kavia-common/meta-rdk-12661.git:kavia-master
2025-08-28 06:59:34,299 - Knowledge - INFO - Found code_base: <app.utils.kg_build.knowledge.KnowledgeCodeBase object at 0x7f7258280fd0>
2025-08-28 06:59:34,299 - Knowledge - INFO - persist ingested knowledge for /app/data/b2c/12661/b1205y8/meta-rdk-12661/recipes-benchmark/stress-ng/files/capture-proc-metrics.sh
2025-08-28 06:59:35,245 - Knowledge - INFO - persist search terms embedding for recipes-benchmark/stress-ng/files/capture-proc-metrics.sh
2025-08-28 06:59:38,867 - Knowledge - INFO - done ingest for /app/data/b2c/12661/b1205y8/meta-rdk-12661/recipes-benchmark/stress-ng/files/stress-ng-tests.sh
2025-08-28 06:59:38,868 - Knowledge - INFO - process ingested knowledge for /app/data/b2c/12661/b1205y8/meta-rdk-12661/recipes-benchmark/stress-ng/files/stress-ng-tests.sh
2025-08-28 06:59:39,006 - Knowledge - INFO - Found code-base-name: https://github.com/kavia-common/meta-rdk-12661.git:kavia-master
2025-08-28 06:59:39,007 - Knowledge - INFO - Found code_base: <app.utils.kg_build.knowledge.KnowledgeCodeBase object at 0x7f7258280fd0>
2025-08-28 06:59:39,007 - Knowledge - INFO - persist ingested knowledge for /app/data/b2c/12661/b1205y8/meta-rdk-12661/recipes-benchmark/stress-ng/files/stress-ng-tests.sh
2025-08-28 06:59:39,823 - Knowledge - INFO - persist search terms embedding for recipes-benchmark/stress-ng/files/stress-ng-tests.sh
2025-08-28 06:59:43,521 - Knowledge - INFO - done ingest for /app/data/b2c/12661/b1205y8/meta-rdk-12661/conf/distro/include/rdk_security_flags.inc
2025-08-28 06:59:43,522 - Knowledge - INFO - process ingested knowledge for /app/data/b2c/12661/b1205y8/meta-rdk-12661/conf/distro/include/rdk_security_flags.inc
2025-08-28 06:59:43,666 - Knowledge - INFO - Found code-base-name: https://github.com/kavia-common/meta-rdk-12661.git:kavia-master
2025-08-28 06:59:43,667 - Knowledge - INFO - Found code_base: <app.utils.kg_build.knowledge.KnowledgeCodeBase object at 0x7f7258280fd0>
2025-08-28 06:59:43,667 - Knowledge - INFO - persist ingested knowledge for /app/data/b2c/12661/b1205y8/meta-rdk-12661/conf/distro/include/rdk_security_flags.inc
2025-08-28 06:59:44,781 - Knowledge - INFO - persist search terms embedding for conf/distro/include/rdk_security_flags.inc
2025-08-28 06:59:44,895 - Knowledge - INFO - done ingest for /app/data/b2c/12661/b1205y8/meta-rdk-12661/recipes-benchmark/stress-ng/files/openssl-ptest-stress.sh
2025-08-28 06:59:44,895 - Knowledge - INFO - process ingested knowledge for /app/data/b2c/12661/b1205y8/meta-rdk-12661/recipes-benchmark/stress-ng/files/openssl-ptest-stress.sh
2025-08-28 06:59:44,955 - Knowledge - INFO - Found code-base-name: https://github.com/kavia-common/meta-rdk-12661.git:kavia-master
2025-08-28 06:59:44,956 - Knowledge - INFO - Found code_base: <app.utils.kg_build.knowledge.KnowledgeCodeBase object at 0x7f7258280fd0>
2025-08-28 06:59:44,956 - Knowledge - INFO - persist ingested knowledge for /app/data/b2c/12661/b1205y8/meta-rdk-12661/recipes-benchmark/stress-ng/files/openssl-ptest-stress.sh
2025-08-28 06:59:46,848 - Knowledge - INFO - persist search terms embedding for recipes-benchmark/stress-ng/files/openssl-ptest-stress.sh
2025-08-28 07:00:21,728 - Knowledge - INFO - done ingest for /app/data/b2c/12661/b1205y8/meta-rdk-12661/conf/distro/include/rdkv.inc
2025-08-28 07:00:21,729 - Knowledge - INFO - process ingested knowledge for /app/data/b2c/12661/b1205y8/meta-rdk-12661/conf/distro/include/rdkv.inc
2025-08-28 07:00:21,733 - Knowledge - INFO - Found code-base-name: https://github.com/kavia-common/meta-rdk-12661.git:kavia-master
2025-08-28 07:00:21,733 - Knowledge - INFO - Found code_base: <app.utils.kg_build.knowledge.KnowledgeCodeBase object at 0x7f7258280fd0>
2025-08-28 07:00:21,733 - Knowledge - INFO - persist ingested knowledge for /app/data/b2c/12661/b1205y8/meta-rdk-12661/conf/distro/include/rdkv.inc
2025-08-28 07:00:21,831 - Knowledge - INFO - Knowledge creation complete
2025-08-28 07:00:21,835 - Knowledge - INFO - Updating org costs, total cost: 0.020411400000000003
2025-08-28 07:00:22,687 - Knowledge - INFO - Saving knowledge to Redis...
2025-08-28 07:00:22,716 - Knowledge - INFO - Knowledge saved to Redis successfully
2025-08-28 07:16:54,074 - Knowledge - INFO - Redis support added with prefix knowledge:b1205y8:
2025-08-28 07:16:54,559 - Knowledge - INFO - load persisted knowledge: begin
2025-08-28 07:16:55,123 - Knowledge - INFO - Persisted knowledge files in /app/data/b2c/12661/b1205y8/meta-rdk-12661/.knowledge have been renamed to use .json
2025-08-28 07:16:55,134 - Knowledge - INFO - Found code-base-name: https://github.com/kavia-common/meta-rdk-12661.git:kavia-master
2025-08-28 07:16:55,134 - Knowledge - INFO - Found code_base: <app.utils.kg_build.knowledge.KnowledgeCodeBase object at 0x7f6084348110>
2025-08-28 07:16:55,134 - Knowledge - INFO - process ingested knowledge for /app/data/b2c/12661/b1205y8/meta-rdk-12661/conf/distro/include/rdkc.inc
2025-08-28 07:16:55,142 - Knowledge - INFO - Found code-base-name: https://github.com/kavia-common/meta-rdk-12661.git:kavia-master
2025-08-28 07:16:55,142 - Knowledge - INFO - Found code_base: <app.utils.kg_build.knowledge.KnowledgeCodeBase object at 0x7f6084348110>
2025-08-28 07:16:55,142 - Knowledge - INFO - process ingested knowledge for /app/data/b2c/12661/b1205y8/meta-rdk-12661/conf/distro/include/rdk_security_flags.inc
2025-08-28 07:16:55,151 - Knowledge - INFO - Found code-base-name: https://github.com/kavia-common/meta-rdk-12661.git:kavia-master
2025-08-28 07:16:55,151 - Knowledge - INFO - Found code_base: <app.utils.kg_build.knowledge.KnowledgeCodeBase object at 0x7f6084348110>
2025-08-28 07:16:55,151 - Knowledge - INFO - process ingested knowledge for /app/data/b2c/12661/b1205y8/meta-rdk-12661/recipes-benchmark/stress-ng/files/stress-ng-tests.sh
2025-08-28 07:16:55,160 - Knowledge - INFO - Found code-base-name: https://github.com/kavia-common/meta-rdk-12661.git:kavia-master
2025-08-28 07:16:55,160 - Knowledge - INFO - Found code_base: <app.utils.kg_build.knowledge.KnowledgeCodeBase object at 0x7f6084348110>
2025-08-28 07:16:55,160 - Knowledge - INFO - process ingested knowledge for /app/data/b2c/12661/b1205y8/meta-rdk-12661/recipes-common/gtest-apps/gtest-apps/gtest_apps_download.sh
2025-08-28 07:16:55,171 - Knowledge - INFO - Found code-base-name: https://github.com/kavia-common/meta-rdk-12661.git:kavia-master
2025-08-28 07:16:55,171 - Knowledge - INFO - Found code_base: <app.utils.kg_build.knowledge.KnowledgeCodeBase object at 0x7f6084348110>
2025-08-28 07:16:55,172 - Knowledge - INFO - process ingested knowledge for /app/data/b2c/12661/b1205y8/meta-rdk-12661/conf/distro/include/qt5-versions.inc
2025-08-28 07:16:55,179 - Knowledge - INFO - Found code-base-name: https://github.com/kavia-common/meta-rdk-12661.git:kavia-master
2025-08-28 07:16:55,180 - Knowledge - INFO - Found code_base: <app.utils.kg_build.knowledge.KnowledgeCodeBase object at 0x7f6084348110>
2025-08-28 07:16:55,180 - Knowledge - INFO - process ingested knowledge for /app/data/b2c/12661/b1205y8/meta-rdk-12661/recipes-containers/dobby/dobby.inc
2025-08-28 07:16:55,186 - Knowledge - INFO - Found code-base-name: https://github.com/kavia-common/meta-rdk-12661.git:kavia-master
2025-08-28 07:16:55,186 - Knowledge - INFO - Found code_base: <app.utils.kg_build.knowledge.KnowledgeCodeBase object at 0x7f6084348110>
2025-08-28 07:16:55,186 - Knowledge - INFO - process ingested knowledge for /app/data/b2c/12661/b1205y8/meta-rdk-12661/conf/distro/include/gstreamer-versions.inc
2025-08-28 07:16:55,196 - Knowledge - INFO - Found code-base-name: https://github.com/kavia-common/meta-rdk-12661.git:kavia-master
2025-08-28 07:16:55,196 - Knowledge - INFO - Found code_base: <app.utils.kg_build.knowledge.KnowledgeCodeBase object at 0x7f6084348110>
2025-08-28 07:16:55,196 - Knowledge - INFO - process ingested knowledge for /app/data/b2c/12661/b1205y8/meta-rdk-12661/conf/distro/include/libsoup2.inc
2025-08-28 07:16:55,204 - Knowledge - INFO - Found code-base-name: https://github.com/kavia-common/meta-rdk-12661.git:kavia-master
2025-08-28 07:16:55,204 - Knowledge - INFO - Found code_base: <app.utils.kg_build.knowledge.KnowledgeCodeBase object at 0x7f6084348110>
2025-08-28 07:16:55,205 - Knowledge - INFO - process ingested knowledge for /app/data/b2c/12661/b1205y8/meta-rdk-12661/recipes-benchmark/stress-ng/files/openssl-ptest-stress.sh
2025-08-28 07:16:55,212 - Knowledge - INFO - Found code-base-name: https://github.com/kavia-common/meta-rdk-12661.git:kavia-master
2025-08-28 07:16:55,213 - Knowledge - INFO - Found code_base: <app.utils.kg_build.knowledge.KnowledgeCodeBase object at 0x7f6084348110>
2025-08-28 07:16:55,213 - Knowledge - INFO - process ingested knowledge for /app/data/b2c/12661/b1205y8/meta-rdk-12661/conf/distro/include/rdk-esdk-conf.inc
2025-08-28 07:16:55,221 - Knowledge - INFO - Found code-base-name: https://github.com/kavia-common/meta-rdk-12661.git:kavia-master
2025-08-28 07:16:55,221 - Knowledge - INFO - Found code_base: <app.utils.kg_build.knowledge.KnowledgeCodeBase object at 0x7f6084348110>
2025-08-28 07:16:55,221 - Knowledge - INFO - process ingested knowledge for /app/data/b2c/12661/b1205y8/meta-rdk-12661/recipes-extended/webkitbrowser-plugin/include/webkitbrowser_memorylimits.fhd.inc
2025-08-28 07:16:55,229 - Knowledge - INFO - Found code-base-name: https://github.com/kavia-common/meta-rdk-12661.git:kavia-master
2025-08-28 07:16:55,229 - Knowledge - INFO - Found code_base: <app.utils.kg_build.knowledge.KnowledgeCodeBase object at 0x7f6084348110>
2025-08-28 07:16:55,229 - Knowledge - INFO - process ingested knowledge for /app/data/b2c/12661/b1205y8/meta-rdk-12661/recipes-test/leakcheck-msg/files/utility.c
2025-08-28 07:16:55,237 - Knowledge - INFO - Found code-base-name: https://github.com/kavia-common/meta-rdk-12661.git:kavia-master
2025-08-28 07:16:55,237 - Knowledge - INFO - Found code_base: <app.utils.kg_build.knowledge.KnowledgeCodeBase object at 0x7f6084348110>
2025-08-28 07:16:55,237 - Knowledge - INFO - process ingested knowledge for /app/data/b2c/12661/b1205y8/meta-rdk-12661/conf/distro/include/rdkvemu.inc
2025-08-28 07:16:55,245 - Knowledge - INFO - Found code-base-name: https://github.com/kavia-common/meta-rdk-12661.git:kavia-master
2025-08-28 07:16:55,245 - Knowledge - INFO - Found code_base: <app.utils.kg_build.knowledge.KnowledgeCodeBase object at 0x7f6084348110>
2025-08-28 07:16:55,245 - Knowledge - INFO - process ingested knowledge for /app/data/b2c/12661/b1205y8/meta-rdk-12661/recipes-test/leakcheck-msg/files/msgq_receive.c
2025-08-28 07:16:55,254 - Knowledge - INFO - Found code-base-name: https://github.com/kavia-common/meta-rdk-12661.git:kavia-master
2025-08-28 07:16:55,254 - Knowledge - INFO - Found code_base: <app.utils.kg_build.knowledge.KnowledgeCodeBase object at 0x7f6084348110>
2025-08-28 07:16:55,254 - Knowledge - INFO - process ingested knowledge for /app/data/b2c/12661/b1205y8/meta-rdk-12661/conf/distro/include/rdk-external-src.inc
2025-08-28 07:16:55,262 - Knowledge - INFO - Found code-base-name: https://github.com/kavia-common/meta-rdk-12661.git:kavia-master
2025-08-28 07:16:55,262 - Knowledge - INFO - Found code_base: <app.utils.kg_build.knowledge.KnowledgeCodeBase object at 0x7f6084348110>
2025-08-28 07:16:55,262 - Knowledge - INFO - process ingested knowledge for /app/data/b2c/12661/b1205y8/meta-rdk-12661/conf/distro/include/rdk_multilib.inc
2025-08-28 07:16:55,272 - Knowledge - INFO - Found code-base-name: https://github.com/kavia-common/meta-rdk-12661.git:kavia-master
2025-08-28 07:16:55,272 - Knowledge - INFO - Found code_base: <app.utils.kg_build.knowledge.KnowledgeCodeBase object at 0x7f6084348110>
2025-08-28 07:16:55,272 - Knowledge - INFO - process ingested knowledge for /app/data/b2c/12661/b1205y8/meta-rdk-12661/recipes-extended/webkitbrowser-plugin/include/webkitbrowser_properties.inc
2025-08-28 07:16:55,288 - Knowledge - INFO - Found code-base-name: https://github.com/kavia-common/meta-rdk-12661.git:kavia-master
2025-08-28 07:16:55,288 - Knowledge - INFO - Found code_base: <app.utils.kg_build.knowledge.KnowledgeCodeBase object at 0x7f6084348110>
2025-08-28 07:16:55,288 - Knowledge - INFO - process ingested knowledge for /app/data/b2c/12661/b1205y8/meta-rdk-12661/recipes-support/network-zero-conf/files/board_access.sh
2025-08-28 07:16:55,296 - Knowledge - INFO - Found code-base-name: https://github.com/kavia-common/meta-rdk-12661.git:kavia-master
2025-08-28 07:16:55,296 - Knowledge - INFO - Found code_base: <app.utils.kg_build.knowledge.KnowledgeCodeBase object at 0x7f6084348110>
2025-08-28 07:16:55,296 - Knowledge - INFO - process ingested knowledge for /app/data/b2c/12661/b1205y8/meta-rdk-12661/recipes-test/hello/files/hello.c
2025-08-28 07:16:55,304 - Knowledge - INFO - Found code-base-name: https://github.com/kavia-common/meta-rdk-12661.git:kavia-master
2025-08-28 07:16:55,305 - Knowledge - INFO - Found code_base: <app.utils.kg_build.knowledge.KnowledgeCodeBase object at 0x7f6084348110>
2025-08-28 07:16:55,305 - Knowledge - INFO - process ingested knowledge for /app/data/b2c/12661/b1205y8/meta-rdk-12661/recipes-benchmark/stress-ng/files/rdk_oss_uploadSTBLogs.sh
2025-08-28 07:16:55,312 - Knowledge - INFO - Found code-base-name: https://github.com/kavia-common/meta-rdk-12661.git:kavia-master
2025-08-28 07:16:55,312 - Knowledge - INFO - Found code_base: <app.utils.kg_build.knowledge.KnowledgeCodeBase object at 0x7f6084348110>
2025-08-28 07:16:55,313 - Knowledge - INFO - process ingested knowledge for /app/data/b2c/12661/b1205y8/meta-rdk-12661/recipes-test/hello/files/run-hello-app.sh
2025-08-28 07:16:55,322 - Knowledge - INFO - Found code-base-name: https://github.com/kavia-common/meta-rdk-12661.git:kavia-master
2025-08-28 07:16:55,322 - Knowledge - INFO - Found code_base: <app.utils.kg_build.knowledge.KnowledgeCodeBase object at 0x7f6084348110>
2025-08-28 07:16:55,322 - Knowledge - INFO - process ingested knowledge for /app/data/b2c/12661/b1205y8/meta-rdk-12661/recipes-common/safec-common-wrapper/files/safec_lib.h
2025-08-28 07:16:55,330 - Knowledge - INFO - Found code-base-name: https://github.com/kavia-common/meta-rdk-12661.git:kavia-master
2025-08-28 07:16:55,331 - Knowledge - INFO - Found code_base: <app.utils.kg_build.knowledge.KnowledgeCodeBase object at 0x7f6084348110>
2025-08-28 07:16:55,331 - Knowledge - INFO - process ingested knowledge for /app/data/b2c/12661/b1205y8/meta-rdk-12661/recipes-core/images/sdk-common.inc
2025-08-28 07:16:55,337 - Knowledge - INFO - Found code-base-name: https://github.com/kavia-common/meta-rdk-12661.git:kavia-master
2025-08-28 07:16:55,337 - Knowledge - INFO - Found code_base: <app.utils.kg_build.knowledge.KnowledgeCodeBase object at 0x7f6084348110>
2025-08-28 07:16:55,337 - Knowledge - INFO - process ingested knowledge for /app/data/b2c/12661/b1205y8/meta-rdk-12661/rename_srcrev.sh
2025-08-28 07:16:55,347 - Knowledge - INFO - Found code-base-name: https://github.com/kavia-common/meta-rdk-12661.git:kavia-master
2025-08-28 07:16:55,347 - Knowledge - INFO - Found code_base: <app.utils.kg_build.knowledge.KnowledgeCodeBase object at 0x7f6084348110>
2025-08-28 07:16:55,348 - Knowledge - INFO - process ingested knowledge for /app/data/b2c/12661/b1205y8/meta-rdk-12661/conf/distro/include/libsoup3.inc
2025-08-28 07:16:55,355 - Knowledge - INFO - Found code-base-name: https://github.com/kavia-common/meta-rdk-12661.git:kavia-master
2025-08-28 07:16:55,355 - Knowledge - INFO - Found code_base: <app.utils.kg_build.knowledge.KnowledgeCodeBase object at 0x7f6084348110>
2025-08-28 07:16:55,355 - Knowledge - INFO - process ingested knowledge for /app/data/b2c/12661/b1205y8/meta-rdk-12661/conf/distro/include/rdk_backtrace_log.inc
2025-08-28 07:16:55,362 - Knowledge - INFO - Found code-base-name: https://github.com/kavia-common/meta-rdk-12661.git:kavia-master
2025-08-28 07:16:55,362 - Knowledge - INFO - Found code_base: <app.utils.kg_build.knowledge.KnowledgeCodeBase object at 0x7f6084348110>
2025-08-28 07:16:55,362 - Knowledge - INFO - process ingested knowledge for /app/data/b2c/12661/b1205y8/meta-rdk-12661/recipes-extended/webkitbrowser-plugin/include/webkitbrowser_memorylimits.2gb.inc
2025-08-28 07:16:55,371 - Knowledge - INFO - Found code-base-name: https://github.com/kavia-common/meta-rdk-12661.git:kavia-master
2025-08-28 07:16:55,371 - Knowledge - INFO - Found code_base: <app.utils.kg_build.knowledge.KnowledgeCodeBase object at 0x7f6084348110>
2025-08-28 07:16:55,371 - Knowledge - INFO - process ingested knowledge for /app/data/b2c/12661/b1205y8/meta-rdk-12661/recipes-support/network-zero-conf/files/default-time-setter.sh
2025-08-28 07:16:55,378 - Knowledge - INFO - Found code-base-name: https://github.com/kavia-common/meta-rdk-12661.git:kavia-master
2025-08-28 07:16:55,379 - Knowledge - INFO - Found code_base: <app.utils.kg_build.knowledge.KnowledgeCodeBase object at 0x7f6084348110>
2025-08-28 07:16:55,379 - Knowledge - INFO - process ingested knowledge for /app/data/b2c/12661/b1205y8/meta-rdk-12661/conf/include/basehash_ignore_vars.inc
2025-08-28 07:16:55,386 - Knowledge - INFO - Found code-base-name: https://github.com/kavia-common/meta-rdk-12661.git:kavia-master
2025-08-28 07:16:55,386 - Knowledge - INFO - Found code_base: <app.utils.kg_build.knowledge.KnowledgeCodeBase object at 0x7f6084348110>
2025-08-28 07:16:55,386 - Knowledge - INFO - process ingested knowledge for /app/data/b2c/12661/b1205y8/meta-rdk-12661/recipes-extended/webkitbrowser-plugin/files/clearWebkitBrowserCache.sh
2025-08-28 07:16:55,395 - Knowledge - INFO - Found code-base-name: https://github.com/kavia-common/meta-rdk-12661.git:kavia-master
2025-08-28 07:16:55,395 - Knowledge - INFO - Found code_base: <app.utils.kg_build.knowledge.KnowledgeCodeBase object at 0x7f6084348110>
2025-08-28 07:16:55,395 - Knowledge - INFO - process ingested knowledge for /app/data/b2c/12661/b1205y8/meta-rdk-12661/conf/distro/include/rdkx.inc
2025-08-28 07:16:55,403 - Knowledge - INFO - Found code-base-name: https://github.com/kavia-common/meta-rdk-12661.git:kavia-master
2025-08-28 07:16:55,403 - Knowledge - INFO - Found code_base: <app.utils.kg_build.knowledge.KnowledgeCodeBase object at 0x7f6084348110>
2025-08-28 07:16:55,403 - Knowledge - INFO - process ingested knowledge for /app/data/b2c/12661/b1205y8/meta-rdk-12661/conf/distro/include/rdk_lto.inc
2025-08-28 07:16:55,411 - Knowledge - INFO - Found code-base-name: https://github.com/kavia-common/meta-rdk-12661.git:kavia-master
2025-08-28 07:16:55,411 - Knowledge - INFO - Found code_base: <app.utils.kg_build.knowledge.KnowledgeCodeBase object at 0x7f6084348110>
2025-08-28 07:16:55,412 - Knowledge - INFO - process ingested knowledge for /app/data/b2c/12661/b1205y8/meta-rdk-12661/recipes-common/debug-tools/files/debug-tools_download.sh
2025-08-28 07:16:55,419 - Knowledge - INFO - Found code-base-name: https://github.com/kavia-common/meta-rdk-12661.git:kavia-master
2025-08-28 07:16:55,419 - Knowledge - INFO - Found code_base: <app.utils.kg_build.knowledge.KnowledgeCodeBase object at 0x7f6084348110>
2025-08-28 07:16:55,419 - Knowledge - INFO - process ingested knowledge for /app/data/b2c/12661/b1205y8/meta-rdk-12661/recipes-benchmark/stress-ng/files/openssl-ptest-perf_stats.sh
2025-08-28 07:16:55,432 - Knowledge - INFO - Found code-base-name: https://github.com/kavia-common/meta-rdk-12661.git:kavia-master
2025-08-28 07:16:55,432 - Knowledge - INFO - Found code_base: <app.utils.kg_build.knowledge.KnowledgeCodeBase object at 0x7f6084348110>
2025-08-28 07:16:55,433 - Knowledge - INFO - process ingested knowledge for /app/data/b2c/12661/b1205y8/meta-rdk-12661/recipes-core/images/rdk-generic-media-common.inc
2025-08-28 07:16:55,442 - Knowledge - INFO - Found code-base-name: https://github.com/kavia-common/meta-rdk-12661.git:kavia-master
2025-08-28 07:16:55,443 - Knowledge - INFO - Found code_base: <app.utils.kg_build.knowledge.KnowledgeCodeBase object at 0x7f6084348110>
2025-08-28 07:16:55,443 - Knowledge - INFO - process ingested knowledge for /app/data/b2c/12661/b1205y8/meta-rdk-12661/conf/distro/include/license_flags_accepted.inc
2025-08-28 07:16:55,452 - Knowledge - INFO - Found code-base-name: https://github.com/kavia-common/meta-rdk-12661.git:kavia-master
2025-08-28 07:16:55,453 - Knowledge - INFO - Found code_base: <app.utils.kg_build.knowledge.KnowledgeCodeBase object at 0x7f6084348110>
2025-08-28 07:16:55,453 - Knowledge - INFO - process ingested knowledge for /app/data/b2c/12661/b1205y8/meta-rdk-12661/recipes-extended/webkitbrowser-plugin/include/webkitbrowser_memorylimits.uhd.inc
2025-08-28 07:16:55,462 - Knowledge - INFO - Found code-base-name: https://github.com/kavia-common/meta-rdk-12661.git:kavia-master
2025-08-28 07:16:55,462 - Knowledge - INFO - Found code_base: <app.utils.kg_build.knowledge.KnowledgeCodeBase object at 0x7f6084348110>
2025-08-28 07:16:55,462 - Knowledge - INFO - process ingested knowledge for /app/data/b2c/12661/b1205y8/meta-rdk-12661/conf/include/hashbase_whitelist.inc
2025-08-28 07:16:55,472 - Knowledge - INFO - Found code-base-name: https://github.com/kavia-common/meta-rdk-12661.git:kavia-master
2025-08-28 07:16:55,472 - Knowledge - INFO - Found code_base: <app.utils.kg_build.knowledge.KnowledgeCodeBase object at 0x7f6084348110>
2025-08-28 07:16:55,473 - Knowledge - INFO - process ingested knowledge for /app/data/b2c/12661/b1205y8/meta-rdk-12661/conf/distro/include/rdkv.inc
2025-08-28 07:16:55,482 - Knowledge - INFO - Found code-base-name: https://github.com/kavia-common/meta-rdk-12661.git:kavia-master
2025-08-28 07:16:55,482 - Knowledge - INFO - Found code_base: <app.utils.kg_build.knowledge.KnowledgeCodeBase object at 0x7f6084348110>
2025-08-28 07:16:55,482 - Knowledge - INFO - process ingested knowledge for /app/data/b2c/12661/b1205y8/meta-rdk-12661/conf/distro/include/rdk-versions.inc
2025-08-28 07:16:55,489 - Knowledge - INFO - Found code-base-name: https://github.com/kavia-common/meta-rdk-12661.git:kavia-master
2025-08-28 07:16:55,489 - Knowledge - INFO - Found code_base: <app.utils.kg_build.knowledge.KnowledgeCodeBase object at 0x7f6084348110>
2025-08-28 07:16:55,489 - Knowledge - INFO - process ingested knowledge for /app/data/b2c/12661/b1205y8/meta-rdk-12661/conf/distro/include/setscene_enforce_whitelist.inc
2025-08-28 07:16:55,497 - Knowledge - INFO - Found code-base-name: https://github.com/kavia-common/meta-rdk-12661.git:kavia-master
2025-08-28 07:16:55,498 - Knowledge - INFO - Found code_base: <app.utils.kg_build.knowledge.KnowledgeCodeBase object at 0x7f6084348110>
2025-08-28 07:16:55,498 - Knowledge - INFO - process ingested knowledge for /app/data/b2c/12661/b1205y8/meta-rdk-12661/recipes-benchmark/stress-ng/files/capture-proc-metrics.sh
2025-08-28 07:16:55,506 - Knowledge - INFO - Found code-base-name: https://github.com/kavia-common/meta-rdk-12661.git:kavia-master
2025-08-28 07:16:55,506 - Knowledge - INFO - Found code_base: <app.utils.kg_build.knowledge.KnowledgeCodeBase object at 0x7f6084348110>
2025-08-28 07:16:55,506 - Knowledge - INFO - process ingested knowledge for /app/data/b2c/12661/b1205y8/meta-rdk-12661/conf/distro/include/rdkb.inc
2025-08-28 07:16:55,514 - Knowledge - INFO - Found code-base-name: https://github.com/kavia-common/meta-rdk-12661.git:kavia-master
2025-08-28 07:16:55,514 - Knowledge - INFO - Found code_base: <app.utils.kg_build.knowledge.KnowledgeCodeBase object at 0x7f6084348110>
2025-08-28 07:16:55,514 - Knowledge - INFO - process ingested knowledge for /app/data/b2c/12661/b1205y8/meta-rdk-12661/conf/distro/include/rdkb_backtrace_log.inc
2025-08-28 07:16:55,523 - Knowledge - INFO - Found code-base-name: https://github.com/kavia-common/meta-rdk-12661.git:kavia-master
2025-08-28 07:16:55,523 - Knowledge - INFO - Found code_base: <app.utils.kg_build.knowledge.KnowledgeCodeBase object at 0x7f6084348110>
2025-08-28 07:16:55,523 - Knowledge - INFO - process ingested knowledge for /app/data/b2c/12661/b1205y8/meta-rdk-12661/CONTRIBUTING.md
2025-08-28 07:16:55,532 - Knowledge - INFO - Found code-base-name: https://github.com/kavia-common/meta-rdk-12661.git:kavia-master
2025-08-28 07:16:55,533 - Knowledge - INFO - Found code_base: <app.utils.kg_build.knowledge.KnowledgeCodeBase object at 0x7f6084348110>
2025-08-28 07:16:55,533 - Knowledge - INFO - process ingested knowledge for /app/data/b2c/12661/b1205y8/meta-rdk-12661/conf/distro/include/setscene_enforce_ignore_tasks.inc
2025-08-28 07:16:55,540 - Knowledge - INFO - Found code-base-name: https://github.com/kavia-common/meta-rdk-12661.git:kavia-master
2025-08-28 07:16:55,540 - Knowledge - INFO - Found code_base: <app.utils.kg_build.knowledge.KnowledgeCodeBase object at 0x7f6084348110>
2025-08-28 07:16:55,540 - Knowledge - INFO - process ingested knowledge for /app/data/b2c/12661/b1205y8/meta-rdk-12661/recipes-common/sys_mon_tools/sys_mon_tools.inc
2025-08-28 07:16:55,548 - Knowledge - INFO - Found code-base-name: https://github.com/kavia-common/meta-rdk-12661.git:kavia-master
2025-08-28 07:16:55,548 - Knowledge - INFO - Found code_base: <app.utils.kg_build.knowledge.KnowledgeCodeBase object at 0x7f6084348110>
2025-08-28 07:16:55,549 - Knowledge - INFO - process ingested knowledge for /app/data/b2c/12661/b1205y8/meta-rdk-12661/conf/conf-notes.txt
2025-08-28 07:16:55,558 - Knowledge - INFO - Found code-base-name: https://github.com/kavia-common/meta-rdk-12661.git:kavia-master
2025-08-28 07:16:55,558 - Knowledge - INFO - Found code_base: <app.utils.kg_build.knowledge.KnowledgeCodeBase object at 0x7f6084348110>
2025-08-28 07:16:55,559 - Knowledge - INFO - process ingested knowledge for /app/data/b2c/12661/b1205y8/meta-rdk-12661/recipes-extended/webkitbrowser-plugin/include/webkitbrowser_memorylimits.default.inc
2025-08-28 07:16:55,568 - Knowledge - INFO - Found code-base-name: https://github.com/kavia-common/meta-rdk-12661.git:kavia-master
2025-08-28 07:16:55,569 - Knowledge - INFO - Found code_base: <app.utils.kg_build.knowledge.KnowledgeCodeBase object at 0x7f6084348110>
2025-08-28 07:16:55,569 - Knowledge - INFO - process ingested knowledge for /app/data/b2c/12661/b1205y8/meta-rdk-12661/conf/distro/include/license_flags_whitelist.inc
2025-08-28 07:16:55,578 - Knowledge - INFO - Found code-base-name: https://github.com/kavia-common/meta-rdk-12661.git:kavia-master
2025-08-28 07:16:55,578 - Knowledge - INFO - Found code_base: <app.utils.kg_build.knowledge.KnowledgeCodeBase object at 0x7f6084348110>
2025-08-28 07:16:55,578 - Knowledge - INFO - process ingested knowledge for /app/data/b2c/12661/b1205y8/meta-rdk-12661/recipes-core/images/rdk-esdk-override.inc
2025-08-28 07:16:55,582 - Knowledge - INFO - load persisted knowledge: end
2025-08-28 07:16:55,583 - Knowledge - INFO - load persisted docinfo: begin
2025-08-28 07:16:55,585 - Knowledge - INFO - load persisted docinfo: end
2025-08-28 07:16:55,782 - Knowledge - INFO - worker kw1 created with dedicated MongoDB connection (total: 1)
2025-08-28 07:16:55,782 - Knowledge - INFO - knowledge worker kw1 start
2025-08-28 07:16:55,783 - Knowledge - INFO - Knowledge creation complete
2025-08-28 07:16:55,785 - Knowledge - INFO - Updating org costs, total cost: 0
2025-08-28 07:16:55,794 - Knowledge - INFO - Saving knowledge to Redis...
2025-08-28 07:16:55,822 - Knowledge - INFO - Knowledge saved to Redis successfully
2025-08-28 08:51:53,297 - Knowledge - INFO - Redis support added with prefix knowledge:b1205y8:
2025-08-28 08:51:53,992 - Knowledge - INFO - load persisted knowledge: begin
2025-08-28 08:51:53,997 - Knowledge - INFO - Found code-base-name: https://github.com/kavia-common/meta-rdk-12661.git:kavia-master
2025-08-28 08:51:53,997 - Knowledge - INFO - Found code_base: <app.utils.kg_build.knowledge.KnowledgeCodeBase object at 0x7f84e8fd3050>
2025-08-28 08:51:53,997 - Knowledge - INFO - process ingested knowledge for /app/data/b2c/12661/b1205y8/meta-rdk-12661/conf/distro/include/rdkc.inc
2025-08-28 08:51:54,001 - Knowledge - INFO - Found code-base-name: https://github.com/kavia-common/meta-rdk-12661.git:kavia-master
2025-08-28 08:51:54,001 - Knowledge - INFO - Found code_base: <app.utils.kg_build.knowledge.KnowledgeCodeBase object at 0x7f84e8fd3050>
2025-08-28 08:51:54,001 - Knowledge - INFO - process ingested knowledge for /app/data/b2c/12661/b1205y8/meta-rdk-12661/conf/distro/include/rdk_security_flags.inc
2025-08-28 08:51:54,004 - Knowledge - INFO - Found code-base-name: https://github.com/kavia-common/meta-rdk-12661.git:kavia-master
2025-08-28 08:51:54,005 - Knowledge - INFO - Found code_base: <app.utils.kg_build.knowledge.KnowledgeCodeBase object at 0x7f84e8fd3050>
2025-08-28 08:51:54,005 - Knowledge - INFO - process ingested knowledge for /app/data/b2c/12661/b1205y8/meta-rdk-12661/recipes-benchmark/stress-ng/files/stress-ng-tests.sh
2025-08-28 08:51:54,010 - Knowledge - INFO - Found code-base-name: https://github.com/kavia-common/meta-rdk-12661.git:kavia-master
2025-08-28 08:51:54,010 - Knowledge - INFO - Found code_base: <app.utils.kg_build.knowledge.KnowledgeCodeBase object at 0x7f84e8fd3050>
2025-08-28 08:51:54,010 - Knowledge - INFO - process ingested knowledge for /app/data/b2c/12661/b1205y8/meta-rdk-12661/recipes-common/gtest-apps/gtest-apps/gtest_apps_download.sh
2025-08-28 08:51:54,015 - Knowledge - INFO - Found code-base-name: https://github.com/kavia-common/meta-rdk-12661.git:kavia-master
2025-08-28 08:51:54,015 - Knowledge - INFO - Found code_base: <app.utils.kg_build.knowledge.KnowledgeCodeBase object at 0x7f84e8fd3050>
2025-08-28 08:51:54,015 - Knowledge - INFO - process ingested knowledge for /app/data/b2c/12661/b1205y8/meta-rdk-12661/conf/distro/include/qt5-versions.inc
2025-08-28 08:51:54,019 - Knowledge - INFO - Found code-base-name: https://github.com/kavia-common/meta-rdk-12661.git:kavia-master
2025-08-28 08:51:54,020 - Knowledge - INFO - Found code_base: <app.utils.kg_build.knowledge.KnowledgeCodeBase object at 0x7f84e8fd3050>
2025-08-28 08:51:54,020 - Knowledge - INFO - process ingested knowledge for /app/data/b2c/12661/b1205y8/meta-rdk-12661/recipes-containers/dobby/dobby.inc
2025-08-28 08:51:54,025 - Knowledge - INFO - Found code-base-name: https://github.com/kavia-common/meta-rdk-12661.git:kavia-master
2025-08-28 08:51:54,025 - Knowledge - INFO - Found code_base: <app.utils.kg_build.knowledge.KnowledgeCodeBase object at 0x7f84e8fd3050>
2025-08-28 08:51:54,026 - Knowledge - INFO - process ingested knowledge for /app/data/b2c/12661/b1205y8/meta-rdk-12661/conf/distro/include/gstreamer-versions.inc
2025-08-28 08:51:54,030 - Knowledge - INFO - Found code-base-name: https://github.com/kavia-common/meta-rdk-12661.git:kavia-master
2025-08-28 08:51:54,030 - Knowledge - INFO - Found code_base: <app.utils.kg_build.knowledge.KnowledgeCodeBase object at 0x7f84e8fd3050>
2025-08-28 08:51:54,030 - Knowledge - INFO - process ingested knowledge for /app/data/b2c/12661/b1205y8/meta-rdk-12661/conf/distro/include/libsoup2.inc
2025-08-28 08:51:54,034 - Knowledge - INFO - Found code-base-name: https://github.com/kavia-common/meta-rdk-12661.git:kavia-master
2025-08-28 08:51:54,034 - Knowledge - INFO - Found code_base: <app.utils.kg_build.knowledge.KnowledgeCodeBase object at 0x7f84e8fd3050>
2025-08-28 08:51:54,034 - Knowledge - INFO - process ingested knowledge for /app/data/b2c/12661/b1205y8/meta-rdk-12661/recipes-benchmark/stress-ng/files/openssl-ptest-stress.sh
2025-08-28 08:51:54,039 - Knowledge - INFO - Found code-base-name: https://github.com/kavia-common/meta-rdk-12661.git:kavia-master
2025-08-28 08:51:54,039 - Knowledge - INFO - Found code_base: <app.utils.kg_build.knowledge.KnowledgeCodeBase object at 0x7f84e8fd3050>
2025-08-28 08:51:54,039 - Knowledge - INFO - process ingested knowledge for /app/data/b2c/12661/b1205y8/meta-rdk-12661/conf/distro/include/rdk-esdk-conf.inc
2025-08-28 08:51:54,044 - Knowledge - INFO - Found code-base-name: https://github.com/kavia-common/meta-rdk-12661.git:kavia-master
2025-08-28 08:51:54,044 - Knowledge - INFO - Found code_base: <app.utils.kg_build.knowledge.KnowledgeCodeBase object at 0x7f84e8fd3050>
2025-08-28 08:51:54,045 - Knowledge - INFO - process ingested knowledge for /app/data/b2c/12661/b1205y8/meta-rdk-12661/recipes-extended/webkitbrowser-plugin/include/webkitbrowser_memorylimits.fhd.inc
2025-08-28 08:51:54,048 - Knowledge - INFO - Found code-base-name: https://github.com/kavia-common/meta-rdk-12661.git:kavia-master
2025-08-28 08:51:54,048 - Knowledge - INFO - Found code_base: <app.utils.kg_build.knowledge.KnowledgeCodeBase object at 0x7f84e8fd3050>
2025-08-28 08:51:54,048 - Knowledge - INFO - process ingested knowledge for /app/data/b2c/12661/b1205y8/meta-rdk-12661/recipes-test/leakcheck-msg/files/utility.c
2025-08-28 08:51:54,052 - Knowledge - INFO - Found code-base-name: https://github.com/kavia-common/meta-rdk-12661.git:kavia-master
2025-08-28 08:51:54,052 - Knowledge - INFO - Found code_base: <app.utils.kg_build.knowledge.KnowledgeCodeBase object at 0x7f84e8fd3050>
2025-08-28 08:51:54,052 - Knowledge - INFO - process ingested knowledge for /app/data/b2c/12661/b1205y8/meta-rdk-12661/conf/distro/include/rdkvemu.inc
2025-08-28 08:51:54,056 - Knowledge - INFO - Found code-base-name: https://github.com/kavia-common/meta-rdk-12661.git:kavia-master
2025-08-28 08:51:54,056 - Knowledge - INFO - Found code_base: <app.utils.kg_build.knowledge.KnowledgeCodeBase object at 0x7f84e8fd3050>
2025-08-28 08:51:54,056 - Knowledge - INFO - process ingested knowledge for /app/data/b2c/12661/b1205y8/meta-rdk-12661/recipes-test/leakcheck-msg/files/msgq_receive.c
2025-08-28 08:51:54,059 - Knowledge - INFO - Found code-base-name: https://github.com/kavia-common/meta-rdk-12661.git:kavia-master
2025-08-28 08:51:54,059 - Knowledge - INFO - Found code_base: <app.utils.kg_build.knowledge.KnowledgeCodeBase object at 0x7f84e8fd3050>
2025-08-28 08:51:54,060 - Knowledge - INFO - process ingested knowledge for /app/data/b2c/12661/b1205y8/meta-rdk-12661/conf/distro/include/rdk-external-src.inc
2025-08-28 08:51:54,063 - Knowledge - INFO - Found code-base-name: https://github.com/kavia-common/meta-rdk-12661.git:kavia-master
2025-08-28 08:51:54,063 - Knowledge - INFO - Found code_base: <app.utils.kg_build.knowledge.KnowledgeCodeBase object at 0x7f84e8fd3050>
2025-08-28 08:51:54,065 - Knowledge - INFO - process ingested knowledge for /app/data/b2c/12661/b1205y8/meta-rdk-12661/conf/distro/include/rdk_multilib.inc
2025-08-28 08:51:54,068 - Knowledge - INFO - Found code-base-name: https://github.com/kavia-common/meta-rdk-12661.git:kavia-master
2025-08-28 08:51:54,069 - Knowledge - INFO - Found code_base: <app.utils.kg_build.knowledge.KnowledgeCodeBase object at 0x7f84e8fd3050>
2025-08-28 08:51:54,069 - Knowledge - INFO - process ingested knowledge for /app/data/b2c/12661/b1205y8/meta-rdk-12661/recipes-extended/webkitbrowser-plugin/include/webkitbrowser_properties.inc
2025-08-28 08:51:54,074 - Knowledge - INFO - Found code-base-name: https://github.com/kavia-common/meta-rdk-12661.git:kavia-master
2025-08-28 08:51:54,074 - Knowledge - INFO - Found code_base: <app.utils.kg_build.knowledge.KnowledgeCodeBase object at 0x7f84e8fd3050>
2025-08-28 08:51:54,075 - Knowledge - INFO - process ingested knowledge for /app/data/b2c/12661/b1205y8/meta-rdk-12661/recipes-support/network-zero-conf/files/board_access.sh
2025-08-28 08:51:54,078 - Knowledge - INFO - Found code-base-name: https://github.com/kavia-common/meta-rdk-12661.git:kavia-master
2025-08-28 08:51:54,078 - Knowledge - INFO - Found code_base: <app.utils.kg_build.knowledge.KnowledgeCodeBase object at 0x7f84e8fd3050>
2025-08-28 08:51:54,078 - Knowledge - INFO - process ingested knowledge for /app/data/b2c/12661/b1205y8/meta-rdk-12661/recipes-test/hello/files/hello.c
2025-08-28 08:51:54,082 - Knowledge - INFO - Found code-base-name: https://github.com/kavia-common/meta-rdk-12661.git:kavia-master
2025-08-28 08:51:54,082 - Knowledge - INFO - Found code_base: <app.utils.kg_build.knowledge.KnowledgeCodeBase object at 0x7f84e8fd3050>
2025-08-28 08:51:54,082 - Knowledge - INFO - process ingested knowledge for /app/data/b2c/12661/b1205y8/meta-rdk-12661/recipes-benchmark/stress-ng/files/rdk_oss_uploadSTBLogs.sh
2025-08-28 08:51:54,085 - Knowledge - INFO - Found code-base-name: https://github.com/kavia-common/meta-rdk-12661.git:kavia-master
2025-08-28 08:51:54,086 - Knowledge - INFO - Found code_base: <app.utils.kg_build.knowledge.KnowledgeCodeBase object at 0x7f84e8fd3050>
2025-08-28 08:51:54,086 - Knowledge - INFO - process ingested knowledge for /app/data/b2c/12661/b1205y8/meta-rdk-12661/recipes-test/hello/files/run-hello-app.sh
2025-08-28 08:51:54,089 - Knowledge - INFO - Found code-base-name: https://github.com/kavia-common/meta-rdk-12661.git:kavia-master
2025-08-28 08:51:54,089 - Knowledge - INFO - Found code_base: <app.utils.kg_build.knowledge.KnowledgeCodeBase object at 0x7f84e8fd3050>
2025-08-28 08:51:54,089 - Knowledge - INFO - process ingested knowledge for /app/data/b2c/12661/b1205y8/meta-rdk-12661/recipes-common/safec-common-wrapper/files/safec_lib.h
2025-08-28 08:51:54,093 - Knowledge - INFO - Found code-base-name: https://github.com/kavia-common/meta-rdk-12661.git:kavia-master
2025-08-28 08:51:54,093 - Knowledge - INFO - Found code_base: <app.utils.kg_build.knowledge.KnowledgeCodeBase object at 0x7f84e8fd3050>
2025-08-28 08:51:54,093 - Knowledge - INFO - process ingested knowledge for /app/data/b2c/12661/b1205y8/meta-rdk-12661/recipes-core/images/sdk-common.inc
2025-08-28 08:51:54,096 - Knowledge - INFO - Found code-base-name: https://github.com/kavia-common/meta-rdk-12661.git:kavia-master
2025-08-28 08:51:54,097 - Knowledge - INFO - Found code_base: <app.utils.kg_build.knowledge.KnowledgeCodeBase object at 0x7f84e8fd3050>
2025-08-28 08:51:54,097 - Knowledge - INFO - process ingested knowledge for /app/data/b2c/12661/b1205y8/meta-rdk-12661/rename_srcrev.sh
2025-08-28 08:51:54,100 - Knowledge - INFO - Found code-base-name: https://github.com/kavia-common/meta-rdk-12661.git:kavia-master
2025-08-28 08:51:54,100 - Knowledge - INFO - Found code_base: <app.utils.kg_build.knowledge.KnowledgeCodeBase object at 0x7f84e8fd3050>
2025-08-28 08:51:54,100 - Knowledge - INFO - process ingested knowledge for /app/data/b2c/12661/b1205y8/meta-rdk-12661/conf/distro/include/libsoup3.inc
2025-08-28 08:51:54,104 - Knowledge - INFO - Found code-base-name: https://github.com/kavia-common/meta-rdk-12661.git:kavia-master
2025-08-28 08:51:54,104 - Knowledge - INFO - Found code_base: <app.utils.kg_build.knowledge.KnowledgeCodeBase object at 0x7f84e8fd3050>
2025-08-28 08:51:54,104 - Knowledge - INFO - process ingested knowledge for /app/data/b2c/12661/b1205y8/meta-rdk-12661/conf/distro/include/rdk_backtrace_log.inc
2025-08-28 08:51:54,107 - Knowledge - INFO - Found code-base-name: https://github.com/kavia-common/meta-rdk-12661.git:kavia-master
2025-08-28 08:51:54,107 - Knowledge - INFO - Found code_base: <app.utils.kg_build.knowledge.KnowledgeCodeBase object at 0x7f84e8fd3050>
2025-08-28 08:51:54,108 - Knowledge - INFO - process ingested knowledge for /app/data/b2c/12661/b1205y8/meta-rdk-12661/recipes-extended/webkitbrowser-plugin/include/webkitbrowser_memorylimits.2gb.inc
2025-08-28 08:51:54,111 - Knowledge - INFO - Found code-base-name: https://github.com/kavia-common/meta-rdk-12661.git:kavia-master
2025-08-28 08:51:54,111 - Knowledge - INFO - Found code_base: <app.utils.kg_build.knowledge.KnowledgeCodeBase object at 0x7f84e8fd3050>
2025-08-28 08:51:54,111 - Knowledge - INFO - process ingested knowledge for /app/data/b2c/12661/b1205y8/meta-rdk-12661/recipes-support/network-zero-conf/files/default-time-setter.sh
2025-08-28 08:51:54,115 - Knowledge - INFO - Found code-base-name: https://github.com/kavia-common/meta-rdk-12661.git:kavia-master
2025-08-28 08:51:54,115 - Knowledge - INFO - Found code_base: <app.utils.kg_build.knowledge.KnowledgeCodeBase object at 0x7f84e8fd3050>
2025-08-28 08:51:54,115 - Knowledge - INFO - process ingested knowledge for /app/data/b2c/12661/b1205y8/meta-rdk-12661/conf/include/basehash_ignore_vars.inc
2025-08-28 08:51:54,119 - Knowledge - INFO - Found code-base-name: https://github.com/kavia-common/meta-rdk-12661.git:kavia-master
2025-08-28 08:51:54,119 - Knowledge - INFO - Found code_base: <app.utils.kg_build.knowledge.KnowledgeCodeBase object at 0x7f84e8fd3050>
2025-08-28 08:51:54,119 - Knowledge - INFO - process ingested knowledge for /app/data/b2c/12661/b1205y8/meta-rdk-12661/recipes-extended/webkitbrowser-plugin/files/clearWebkitBrowserCache.sh
2025-08-28 08:51:54,122 - Knowledge - INFO - Found code-base-name: https://github.com/kavia-common/meta-rdk-12661.git:kavia-master
2025-08-28 08:51:54,122 - Knowledge - INFO - Found code_base: <app.utils.kg_build.knowledge.KnowledgeCodeBase object at 0x7f84e8fd3050>
2025-08-28 08:51:54,122 - Knowledge - INFO - process ingested knowledge for /app/data/b2c/12661/b1205y8/meta-rdk-12661/conf/distro/include/rdkx.inc
2025-08-28 08:51:54,126 - Knowledge - INFO - Found code-base-name: https://github.com/kavia-common/meta-rdk-12661.git:kavia-master
2025-08-28 08:51:54,126 - Knowledge - INFO - Found code_base: <app.utils.kg_build.knowledge.KnowledgeCodeBase object at 0x7f84e8fd3050>
2025-08-28 08:51:54,126 - Knowledge - INFO - process ingested knowledge for /app/data/b2c/12661/b1205y8/meta-rdk-12661/conf/distro/include/rdk_lto.inc
2025-08-28 08:51:54,129 - Knowledge - INFO - Found code-base-name: https://github.com/kavia-common/meta-rdk-12661.git:kavia-master
2025-08-28 08:51:54,129 - Knowledge - INFO - Found code_base: <app.utils.kg_build.knowledge.KnowledgeCodeBase object at 0x7f84e8fd3050>
2025-08-28 08:51:54,130 - Knowledge - INFO - process ingested knowledge for /app/data/b2c/12661/b1205y8/meta-rdk-12661/recipes-common/debug-tools/files/debug-tools_download.sh
2025-08-28 08:51:54,133 - Knowledge - INFO - Found code-base-name: https://github.com/kavia-common/meta-rdk-12661.git:kavia-master
2025-08-28 08:51:54,133 - Knowledge - INFO - Found code_base: <app.utils.kg_build.knowledge.KnowledgeCodeBase object at 0x7f84e8fd3050>
2025-08-28 08:51:54,133 - Knowledge - INFO - process ingested knowledge for /app/data/b2c/12661/b1205y8/meta-rdk-12661/recipes-benchmark/stress-ng/files/openssl-ptest-perf_stats.sh
2025-08-28 08:51:54,138 - Knowledge - INFO - Found code-base-name: https://github.com/kavia-common/meta-rdk-12661.git:kavia-master
2025-08-28 08:51:54,138 - Knowledge - INFO - Found code_base: <app.utils.kg_build.knowledge.KnowledgeCodeBase object at 0x7f84e8fd3050>
2025-08-28 08:51:54,138 - Knowledge - INFO - process ingested knowledge for /app/data/b2c/12661/b1205y8/meta-rdk-12661/recipes-core/images/rdk-generic-media-common.inc
2025-08-28 08:51:54,142 - Knowledge - INFO - Found code-base-name: https://github.com/kavia-common/meta-rdk-12661.git:kavia-master
2025-08-28 08:51:54,142 - Knowledge - INFO - Found code_base: <app.utils.kg_build.knowledge.KnowledgeCodeBase object at 0x7f84e8fd3050>
2025-08-28 08:51:54,142 - Knowledge - INFO - process ingested knowledge for /app/data/b2c/12661/b1205y8/meta-rdk-12661/conf/distro/include/license_flags_accepted.inc
2025-08-28 08:51:54,146 - Knowledge - INFO - Found code-base-name: https://github.com/kavia-common/meta-rdk-12661.git:kavia-master
2025-08-28 08:51:54,146 - Knowledge - INFO - Found code_base: <app.utils.kg_build.knowledge.KnowledgeCodeBase object at 0x7f84e8fd3050>
2025-08-28 08:51:54,146 - Knowledge - INFO - process ingested knowledge for /app/data/b2c/12661/b1205y8/meta-rdk-12661/recipes-extended/webkitbrowser-plugin/include/webkitbrowser_memorylimits.uhd.inc
2025-08-28 08:51:54,150 - Knowledge - INFO - Found code-base-name: https://github.com/kavia-common/meta-rdk-12661.git:kavia-master
2025-08-28 08:51:54,150 - Knowledge - INFO - Found code_base: <app.utils.kg_build.knowledge.KnowledgeCodeBase object at 0x7f84e8fd3050>
2025-08-28 08:51:54,150 - Knowledge - INFO - process ingested knowledge for /app/data/b2c/12661/b1205y8/meta-rdk-12661/conf/include/hashbase_whitelist.inc
2025-08-28 08:51:54,154 - Knowledge - INFO - Found code-base-name: https://github.com/kavia-common/meta-rdk-12661.git:kavia-master
2025-08-28 08:51:54,154 - Knowledge - INFO - Found code_base: <app.utils.kg_build.knowledge.KnowledgeCodeBase object at 0x7f84e8fd3050>
2025-08-28 08:51:54,154 - Knowledge - INFO - process ingested knowledge for /app/data/b2c/12661/b1205y8/meta-rdk-12661/conf/distro/include/rdkv.inc
2025-08-28 08:51:54,158 - Knowledge - INFO - Found code-base-name: https://github.com/kavia-common/meta-rdk-12661.git:kavia-master
2025-08-28 08:51:54,158 - Knowledge - INFO - Found code_base: <app.utils.kg_build.knowledge.KnowledgeCodeBase object at 0x7f84e8fd3050>
2025-08-28 08:51:54,158 - Knowledge - INFO - process ingested knowledge for /app/data/b2c/12661/b1205y8/meta-rdk-12661/conf/distro/include/rdk-versions.inc
2025-08-28 08:51:54,162 - Knowledge - INFO - Found code-base-name: https://github.com/kavia-common/meta-rdk-12661.git:kavia-master
2025-08-28 08:51:54,162 - Knowledge - INFO - Found code_base: <app.utils.kg_build.knowledge.KnowledgeCodeBase object at 0x7f84e8fd3050>
2025-08-28 08:51:54,162 - Knowledge - INFO - process ingested knowledge for /app/data/b2c/12661/b1205y8/meta-rdk-12661/conf/distro/include/setscene_enforce_whitelist.inc
2025-08-28 08:51:54,166 - Knowledge - INFO - Found code-base-name: https://github.com/kavia-common/meta-rdk-12661.git:kavia-master
2025-08-28 08:51:54,166 - Knowledge - INFO - Found code_base: <app.utils.kg_build.knowledge.KnowledgeCodeBase object at 0x7f84e8fd3050>
2025-08-28 08:51:54,166 - Knowledge - INFO - process ingested knowledge for /app/data/b2c/12661/b1205y8/meta-rdk-12661/recipes-benchmark/stress-ng/files/capture-proc-metrics.sh
2025-08-28 08:51:54,170 - Knowledge - INFO - Found code-base-name: https://github.com/kavia-common/meta-rdk-12661.git:kavia-master
2025-08-28 08:51:54,170 - Knowledge - INFO - Found code_base: <app.utils.kg_build.knowledge.KnowledgeCodeBase object at 0x7f84e8fd3050>
2025-08-28 08:51:54,170 - Knowledge - INFO - process ingested knowledge for /app/data/b2c/12661/b1205y8/meta-rdk-12661/conf/distro/include/rdkb.inc
2025-08-28 08:51:54,174 - Knowledge - INFO - Found code-base-name: https://github.com/kavia-common/meta-rdk-12661.git:kavia-master
2025-08-28 08:51:54,174 - Knowledge - INFO - Found code_base: <app.utils.kg_build.knowledge.KnowledgeCodeBase object at 0x7f84e8fd3050>
2025-08-28 08:51:54,174 - Knowledge - INFO - process ingested knowledge for /app/data/b2c/12661/b1205y8/meta-rdk-12661/conf/distro/include/rdkb_backtrace_log.inc
2025-08-28 08:51:54,178 - Knowledge - INFO - Found code-base-name: https://github.com/kavia-common/meta-rdk-12661.git:kavia-master
2025-08-28 08:51:54,178 - Knowledge - INFO - Found code_base: <app.utils.kg_build.knowledge.KnowledgeCodeBase object at 0x7f84e8fd3050>
2025-08-28 08:51:54,178 - Knowledge - INFO - process ingested knowledge for /app/data/b2c/12661/b1205y8/meta-rdk-12661/CONTRIBUTING.md
2025-08-28 08:51:54,182 - Knowledge - INFO - Found code-base-name: https://github.com/kavia-common/meta-rdk-12661.git:kavia-master
2025-08-28 08:51:54,182 - Knowledge - INFO - Found code_base: <app.utils.kg_build.knowledge.KnowledgeCodeBase object at 0x7f84e8fd3050>
2025-08-28 08:51:54,182 - Knowledge - INFO - process ingested knowledge for /app/data/b2c/12661/b1205y8/meta-rdk-12661/conf/distro/include/setscene_enforce_ignore_tasks.inc
2025-08-28 08:51:54,185 - Knowledge - INFO - Found code-base-name: https://github.com/kavia-common/meta-rdk-12661.git:kavia-master
2025-08-28 08:51:54,186 - Knowledge - INFO - Found code_base: <app.utils.kg_build.knowledge.KnowledgeCodeBase object at 0x7f84e8fd3050>
2025-08-28 08:51:54,186 - Knowledge - INFO - process ingested knowledge for /app/data/b2c/12661/b1205y8/meta-rdk-12661/recipes-common/sys_mon_tools/sys_mon_tools.inc
2025-08-28 08:51:54,189 - Knowledge - INFO - Found code-base-name: https://github.com/kavia-common/meta-rdk-12661.git:kavia-master
2025-08-28 08:51:54,189 - Knowledge - INFO - Found code_base: <app.utils.kg_build.knowledge.KnowledgeCodeBase object at 0x7f84e8fd3050>
2025-08-28 08:51:54,189 - Knowledge - INFO - process ingested knowledge for /app/data/b2c/12661/b1205y8/meta-rdk-12661/conf/conf-notes.txt
2025-08-28 08:51:54,193 - Knowledge - INFO - Found code-base-name: https://github.com/kavia-common/meta-rdk-12661.git:kavia-master
2025-08-28 08:51:54,193 - Knowledge - INFO - Found code_base: <app.utils.kg_build.knowledge.KnowledgeCodeBase object at 0x7f84e8fd3050>
2025-08-28 08:51:54,193 - Knowledge - INFO - process ingested knowledge for /app/data/b2c/12661/b1205y8/meta-rdk-12661/recipes-extended/webkitbrowser-plugin/include/webkitbrowser_memorylimits.default.inc
2025-08-28 08:51:54,197 - Knowledge - INFO - Found code-base-name: https://github.com/kavia-common/meta-rdk-12661.git:kavia-master
2025-08-28 08:51:54,197 - Knowledge - INFO - Found code_base: <app.utils.kg_build.knowledge.KnowledgeCodeBase object at 0x7f84e8fd3050>
2025-08-28 08:51:54,197 - Knowledge - INFO - process ingested knowledge for /app/data/b2c/12661/b1205y8/meta-rdk-12661/conf/distro/include/license_flags_whitelist.inc
2025-08-28 08:51:54,201 - Knowledge - INFO - Found code-base-name: https://github.com/kavia-common/meta-rdk-12661.git:kavia-master
2025-08-28 08:51:54,201 - Knowledge - INFO - Found code_base: <app.utils.kg_build.knowledge.KnowledgeCodeBase object at 0x7f84e8fd3050>
2025-08-28 08:51:54,201 - Knowledge - INFO - process ingested knowledge for /app/data/b2c/12661/b1205y8/meta-rdk-12661/recipes-core/images/rdk-esdk-override.inc
2025-08-28 08:51:54,202 - Knowledge - INFO - load persisted knowledge: end
2025-08-28 08:51:54,202 - Knowledge - INFO - load persisted docinfo: begin
2025-08-28 08:51:54,203 - Knowledge - INFO - load persisted docinfo: end
2025-08-28 08:51:54,322 - Knowledge - INFO - worker kw1 created with dedicated MongoDB connection (total: 1)
2025-08-28 08:51:54,322 - Knowledge - INFO - knowledge worker kw1 start
2025-08-28 08:51:54,323 - Knowledge - INFO - Knowledge creation complete
2025-08-28 08:51:54,327 - Knowledge - INFO - Updating org costs, total cost: 0
2025-08-28 08:51:54,334 - Knowledge - INFO - Saving knowledge to Redis...
2025-08-28 08:51:54,351 - Knowledge - INFO - Knowledge saved to Redis successfully
